{"repoSenseVersion":"d2a7756357","reportGeneratedTime":"Tue Mar 1 13:35:41 2022 UTC+08:00","reportGenerationTime":" 1 minute(s) 26.80 second(s)","zoneId":"UTC+08:00","reportTitle":"RepoSense Report","repos":[{"location":{"location":"https://github.com/markbind/markbind.git","repoName":"markbind","organization":"markbind"},"branch":"master","displayName":"markbind/markbind[master]","outputFolderName":"markbind_markbind_master"},{"location":{"location":"https://github.com/reposense/reposense.git","repoName":"reposense","organization":"reposense"},"branch":"master","displayName":"reposense/reposense[master]","outputFolderName":"reposense_reposense_master"},{"location":{"location":"https://github.com/se-edu/addressbook-level3.git","repoName":"addressbook-level3","organization":"se-edu"},"branch":"master","displayName":"se-edu/addressbook-level3[master]","outputFolderName":"se-edu_addressbook-level3_master"},{"location":{"location":"https://github.com/TEAMMATES/teammates.git","repoName":"teammates","organization":"TEAMMATES"},"branch":"master","displayName":"TEAMMATES/teammates[master]","outputFolderName":"TEAMMATES_teammates_master"},{"location":{"location":"https://github.com/TEAMMATES/teammates.git","repoName":"teammates","organization":"TEAMMATES"},"branch":"notification-feature","displayName":"TEAMMATES/teammates[notification-feature]","outputFolderName":"TEAMMATES_teammates_notification-feature"},{"location":{"location":"https://github.com/CATcher-org/CATcher.git","repoName":"CATcher","organization":"CATcher-org"},"branch":"master","displayName":"CATcher-org/CATcher[master]","outputFolderName":"CATcher-org_CATcher_master"}],"errorList":[],"sinceDate":"2021-12-01","untilDate":"2022-03-01","isSinceDateProvided":true,"isUntilDateProvided":false}
