{"repoSenseVersion":"605fe461f0","reportGeneratedTime":"Mon Jun 13 08:16:27 2022 UTC+08:00","reportGenerationTime":" 1 minute(s) 34.20 second(s)","zoneId":"UTC+08:00","reportTitle":"RepoSense Report","repos":[{"location":{"location":"https://github.com/markbind/markbind.git","repoName":"markbind","organization":"markbind","domainName":"github"},"branch":"master","displayName":"markbind/markbind[master]","outputFolderName":"markbind_markbind_master"},{"location":{"location":"https://github.com/reposense/reposense.git","repoName":"reposense","organization":"reposense","domainName":"github"},"branch":"master","displayName":"reposense/reposense[master]","outputFolderName":"reposense_reposense_master"},{"location":{"location":"https://github.com/se-edu/addressbook-level3.git","repoName":"addressbook-level3","organization":"se-edu","domainName":"github"},"branch":"master","displayName":"se-edu/addressbook-level3[master]","outputFolderName":"se-edu_addressbook-level3_master"},{"location":{"location":"https://github.com/TEAMMATES/teammates.git","repoName":"teammates","organization":"TEAMMATES","domainName":"github"},"branch":"master","displayName":"TEAMMATES/teammates[master]","outputFolderName":"TEAMMATES_teammates_master"},{"location":{"location":"https://github.com/CATcher-org/CATcher.git","repoName":"CATcher","organization":"CATcher-org","domainName":"github"},"branch":"master","displayName":"CATcher-org/CATcher[master]","outputFolderName":"CATcher-org_CATcher_master"}],"errorSet":[{"repoName":"TEAMMATES/teammates[selective-deadline-extension]","errorMessage":"Branch \"selective-deadline-extension\" does not exist."},{"repoName":"TEAMMATES/teammates[notification-feature]","errorMessage":"Branch \"notification-feature\" does not exist."}],"sinceDate":"2021-12-01","untilDate":"2022-06-13","isSinceDateProvided":true,"isUntilDateProvided":false,"supportedDomainUrlMap":{"NOT_RECOGNIZED":{"BRANCH":"","REPO_URL":"UNSUPPORTED","BASE_URL":"UNSUPPORTED","HISTORY_PATH":"","COMMIT_PATH":"","BLAME_PATH":""},"github":{"BRANCH":"tree/$BRANCH","REPO_URL":"https://github.com/$ORGANIZATION/$REPO_NAME/","BASE_URL":"https://github.com/","HISTORY_PATH":"commits/$BRANCH/$FILE_PATH","COMMIT_PATH":"commit/$COMMIT_HASH","BLAME_PATH":"blame/$BRANCH/$FILE_PATH"}}}
