{"authorDailyContributionsMap":{"zhaojj2209":[{"date":"2022-01-26","commitResults":[{"hash":"0a513d253ada7ae30d80301fd8aaceb766ee4f58","messageTitle":"[#11295] Distribute points among options question: negative points allowed on frontend (#11521)","messageBody":"* Add error message for negative points  distributed\r\n\r\n* Update snapshots\r\n\r\n* Modify constraint, fix error message\r\n\r\n* Fix lint error\r\n\r\n* Revert removal of return statement","fileTypesAndContributionMap":{"java":{"insertions":1,"deletions":1},"html":{"insertions":6,"deletions":0},"ts":{"insertions":16,"deletions":1}}}]},{"date":"2022-02-04","commitResults":[{"hash":"86e2fbadfd9e7492890821e13f7ca7a23756979e","messageTitle":"[#11539] Feedback response submission: Requests sent to backend despite invalid response (#11541)","messageBody":"* Fix invalid feedback response check\r\n\r\n* Add tests\r\n\r\nCo-authored-by: Ahmed Bahajjaj \u003c42177597+madanalogy@users.noreply.github.com\u003e","fileTypesAndContributionMap":{"ts":{"insertions":86,"deletions":43}}}]}],"ziqing26":[{"date":"2022-01-21","commitResults":[{"hash":"2a7aa0bf370764bd8d97f224682443aec495b708","messageTitle":"[#11520] Fix infinite loop for login (#11530)","messageBody":"","fileTypesAndContributionMap":{"java":{"insertions":1,"deletions":0}}}]}],"fsgmhoward":[{"date":"2022-02-02","commitResults":[{"hash":"7cf1d3352705dd57e209a74886dd33ce246d3c47","messageTitle":"[#8364] Make rank and constsum style consistent (#11519)","messageBody":"* Make rank and constsum style consistent (#8364)\r\n\r\n- Fix inconsistency in both form style and error messages\r\n- Fix inconsistency of appearence under different screen widths\r\n\r\n* Update testing snapshots\r\n\r\nCo-authored-by: Ahmed Bahajjaj \u003c42177597+madanalogy@users.noreply.github.com\u003e","fileTypesAndContributionMap":{"html":{"insertions":32,"deletions":26}}}]}],"Nicolascwy":[{"date":"2022-01-16","commitResults":[{"hash":"9f6c8ed6aebb080847aaf17286ce2e8b39130c31","messageTitle":"[#8607] Student: edit submission: show evaluees in alphabetical order (#11482)","messageBody":"","fileTypesAndContributionMap":{"ts":{"insertions":128,"deletions":0}}}]}]},"authorFileTypeContributionMap":{"zhaojj2209":{"java":1,"js":0,"scss":0,"md":0,"py":0,"tag":0,"html":6,"ts":59},"ziqing26":{"java":1,"js":0,"scss":0,"md":0,"py":0,"tag":0,"html":0,"ts":0},"fsgmhoward":{"java":0,"js":0,"scss":0,"md":0,"py":0,"tag":0,"html":27,"ts":0},"Nicolascwy":{"java":0,"js":0,"scss":0,"md":0,"py":0,"tag":0,"html":0,"ts":128}},"authorContributionVariance":{"zhaojj2209":256.16162,"ziqing26":0.014921953,"fsgmhoward":50.19743,"Nicolascwy":244.48131},"authorDisplayNameMap":{"zhaojj2209":"ZHAO..JING","ziqing26":"ZHAN..QING","fsgmhoward":"LIU ..OHAO","Nicolascwy":"CHAN..OLAS"}}
