{"authorDailyContributionsMap":{"zhaojj2209":[{"date":"2022-01-26","commitResults":[{"hash":"0a513d253ada7ae30d80301fd8aaceb766ee4f58","messageTitle":"[#11295] Distribute points among options question: negative points allowed on frontend (#11521)","messageBody":"* Add error message for negative points  distributed\r\n\r\n* Update snapshots\r\n\r\n* Modify constraint, fix error message\r\n\r\n* Fix lint error\r\n\r\n* Revert removal of return statement","fileTypesAndContributionMap":{"java":{"insertions":1,"deletions":1},"html":{"insertions":6,"deletions":0},"ts":{"insertions":16,"deletions":1}}}]},{"date":"2022-02-04","commitResults":[{"hash":"86e2fbadfd9e7492890821e13f7ca7a23756979e","messageTitle":"[#11539] Feedback response submission: Requests sent to backend despite invalid response (#11541)","messageBody":"* Fix invalid feedback response check\r\n\r\n* Add tests\r\n\r\nCo-authored-by: Ahmed Bahajjaj \u003c42177597+madanalogy@users.noreply.github.com\u003e","fileTypesAndContributionMap":{"ts":{"insertions":86,"deletions":43}}}]}],"ziqing26":[{"date":"2022-01-21","commitResults":[{"hash":"2a7aa0bf370764bd8d97f224682443aec495b708","messageTitle":"[#11520] Fix infinite loop for login (#11530)","messageBody":"","fileTypesAndContributionMap":{"java":{"insertions":1,"deletions":0}}}]}],"fsgmhoward":[{"date":"2022-02-02","commitResults":[{"hash":"7cf1d3352705dd57e209a74886dd33ce246d3c47","messageTitle":"[#8364] Make rank and constsum style consistent (#11519)","messageBody":"* Make rank and constsum style consistent (#8364)\r\n\r\n- Fix inconsistency in both form style and error messages\r\n- Fix inconsistency of appearence under different screen widths\r\n\r\n* Update testing snapshots\r\n\r\nCo-authored-by: Ahmed Bahajjaj \u003c42177597+madanalogy@users.noreply.github.com\u003e","fileTypesAndContributionMap":{"html":{"insertions":32,"deletions":26}}}]},{"date":"2022-02-15","commitResults":[{"hash":"00d2adf9b916df22f900a2c34d3e2d2acb67e379","messageTitle":"[#11551] Fix incorrect message for student home page (#11563)","messageBody":"","fileTypesAndContributionMap":{"html":{"insertions":5,"deletions":3},"ts":{"insertions":4,"deletions":3}}}]},{"date":"2022-02-17","commitResults":[{"hash":"4ec60a2a9238ff85a3c99ac20967ed127e6e0921","messageTitle":"[#11487] Disable mouse wheel events for number inputs (#11542)","messageBody":"* Disable mouse wheel events for number inputs\r\n\r\n- Prevent mouse wheel scroll from changing students\u0027 number inputs\r\n\r\n* Revert \"Disable mouse wheel events for number inputs\"\r\n\r\nThis reverts commit 9429e87f4a7554e4b318e661e3851bf8b5ecc3e3.\r\n\r\n* Disable wheel for numeric inputs using directive\r\n\r\n- New WheelDisablerDirective and respective module is created\r\n- Updated snapshot for session-submission-page\r\n\r\n* Fix linting errors","fileTypesAndContributionMap":{"html":{"insertions":5,"deletions":3},"ts":{"insertions":34,"deletions":0}}}]},{"date":"2022-03-01","commitResults":[{"hash":"719adee366fb9f6c94aa258d0b5c707ad646ae2f","messageTitle":"[#11572] Notification Feature - Skeleton of DB (#11575)","messageBody":"* Complete skeleton for notification db\r\n\r\n* Handle updatedAt, align with latest tech design\r\n\r\n* Add skeleton for notification logic\r\n\r\n* Add API to create notification, fix typo\r\n\r\n* Rename classes to plural form, add to LogicStarter","fileTypesAndContributionMap":{"java":{"insertions":740,"deletions":0}}}]}],"Nicolascwy":[{"date":"2022-01-16","commitResults":[{"hash":"9f6c8ed6aebb080847aaf17286ce2e8b39130c31","messageTitle":"[#8607] Student: edit submission: show evaluees in alphabetical order (#11482)","messageBody":"","fileTypesAndContributionMap":{"ts":{"insertions":128,"deletions":0}}}]},{"date":"2022-02-15","commitResults":[{"hash":"0da0e52bd0fdf9020de0702350b8c7298aefa723","messageTitle":"[#11466] Add remind sub-menu to UI (#11510)","messageBody":"* Add remind sub-menu to UI\r\n\r\n* Add logic to reminder button modal\r\n\r\n* Update snapshots tests for reminder sub-menu\r\n\r\n* Fix bug that incorrectly selects modal option\r\n\r\nSelecting \"Select all non-submitters\" checks the modal option \"Select\r\nall instructors not yet submitted\" and \"Select all students not yet\r\nsubmitted\" in modal even when all instructors or students have completed\r\nthe have completed the feedback session.\r\n\r\nChange isAllYetToSubmitInstructorsSelected and\r\nisAllYetToSubmitStudentsSelected functions to check that there exist\r\nentities who have not completed the form before checking option.\r\n\r\n* Style remind button\r\n\r\n* Update snapshot tests\r\n\r\n* Fix lint errors\r\n\r\n* Change button group to use bootstrap flex class\r\n\r\n* Add back loading condition\r\n\r\n* Update send reminder email E2E test\r\n\r\n* Update snapshot tests\r\n\r\n* Fix typo in E2E tests\r\n\r\n* Make E2E helper function name more descriptive\r\n\r\n* Add E2E to InstructorFeedbackSession\r\n\r\n* Remove unused event emitter\r\n\r\nUpdate snapshot tests\r\n\r\n* Add E2E test to InstructorFeedbackSession\r\n\r\nAdd E2E test to test remind all non-submitters button and ensure that sent to student non-submitters.\r\n\r\n* Fix typo in E2E test\r\n\r\n* Removed tests for more than one student\r\n\r\nStudents with the same email are not persisted in the database.\r\nThe tests added therefore did not work but passed.\r\n\r\n* Fix lint error\r\n\r\nCo-authored-by: Ahmed Bahajjaj \u003c42177597+madanalogy@users.noreply.github.com\u003e","fileTypesAndContributionMap":{"java":{"insertions":43,"deletions":7},"scss":{"insertions":0,"deletions":5},"html":{"insertions":64,"deletions":54},"ts":{"insertions":32,"deletions":15}}}]},{"date":"2022-02-23","commitResults":[{"hash":"49bea442067302441e41c5416efe6b8333614666","messageTitle":"[#11578] Make user cookie time sensitive (#11581)","messageBody":"* Add expiration time to cookies\r\n\r\n* Add UserInfo cookie test\r\n\r\n* Remove magic number and change expiry time to long\r\n\r\n* Add validity test\r\n\r\n* Change expiryTime setter to use long parameter","fileTypesAndContributionMap":{"java":{"insertions":50,"deletions":3}}}]}]},"authorFileTypeContributionMap":{"zhaojj2209":{"java":1,"js":0,"scss":0,"md":0,"py":0,"tag":0,"html":6,"ts":51},"ziqing26":{"java":1,"js":0,"scss":0,"md":0,"py":0,"tag":0,"html":0,"ts":0},"fsgmhoward":{"java":740,"js":0,"scss":0,"md":0,"py":0,"tag":0,"html":33,"ts":33},"Nicolascwy":{"java":93,"js":0,"scss":0,"md":0,"py":0,"tag":0,"html":12,"ts":156}},"authorContributionVariance":{"zhaojj2209":186.8722,"ziqing26":0.010868252,"fsgmhoward":5988.1284,"Nicolascwy":723.36237},"authorDisplayNameMap":{"zhaojj2209":"TEAMMATES//ZHAO..JING","ziqing26":"TEAMMATES//ZHAN..QING","fsgmhoward":"TEAMMATES//LIU ..OHAO","Nicolascwy":"TEAMMATES//CHAN..OLAS"}}
