{"authorDailyContributionsMap":{"zhaojj2209":[{"date":"2022-01-26","commitResults":[{"hash":"0a513d253ada7ae30d80301fd8aaceb766ee4f58","messageTitle":"[#11295] Distribute points among options question: negative points allowed on frontend (#11521)","messageBody":"* Add error message for negative points  distributed\r\n\r\n* Update snapshots\r\n\r\n* Modify constraint, fix error message\r\n\r\n* Fix lint error\r\n\r\n* Revert removal of return statement","fileTypesAndContributionMap":{"java":{"insertions":1,"deletions":1},"html":{"insertions":6,"deletions":0},"ts":{"insertions":16,"deletions":1}}}]},{"date":"2022-02-04","commitResults":[{"hash":"86e2fbadfd9e7492890821e13f7ca7a23756979e","messageTitle":"[#11539] Feedback response submission: Requests sent to backend despite invalid response (#11541)","messageBody":"* Fix invalid feedback response check\r\n\r\n* Add tests\r\n\r\nCo-authored-by: Ahmed Bahajjaj \u003c42177597+madanalogy@users.noreply.github.com\u003e","fileTypesAndContributionMap":{"ts":{"insertions":86,"deletions":43}}}]},{"date":"2022-03-10","commitResults":[{"hash":"33cfa216b1233d44361c236a51f8c3c90a298b92","messageTitle":"[#11370] Copying question from another session: optimize fetching of available questions (#11566)","messageBody":"","fileTypesAndContributionMap":{"java":{"insertions":18,"deletions":6},"scss":{"insertions":2,"deletions":5},"html":{"insertions":68,"deletions":48},"ts":{"insertions":393,"deletions":59}}}]}],"ziqing26":[{"date":"2022-01-21","commitResults":[{"hash":"2a7aa0bf370764bd8d97f224682443aec495b708","messageTitle":"[#11520] Fix infinite loop for login (#11530)","messageBody":"","fileTypesAndContributionMap":{"java":{"insertions":1,"deletions":0}}}]},{"date":"2022-03-17","commitResults":[{"hash":"39f5c4ca197f69e2b81990b0a6ada303f9d2a22f","messageTitle":"[#11572] Notification Feature - GET route (#11625)","messageBody":"* Add missing access modifier to createNotification\r\n\r\n* Add route to create notification API URL\r\n\r\n* Add create notification mapping to action factory\r\n\r\n* Add create notification to action and logic\r\n\r\n* Add validity checks for notification attributes\r\n\r\n* Create Notification GET API so that users could get notifications from the database.\r\n\r\n* Create the response data type NotificationsData.\r\n\r\n* Create GetNotificationAction.\r\n\r\n* Create db methods to get notifications for specified target users.\r\n\r\n* Add notification endpoint to ResourceEndpoints\r\n\r\n* Add Enums for TargetUser and NotificationType\r\n\r\n* Change DB datatype for targetUser and notificationType\r\n\r\n* Update DB datatype from String to Enum for those two attributes.\r\n\r\n* Update method of getting notifications by target user.\r\n\r\n* Fix Db queries with multiple inequality and update enum related types in POST routes\r\n\r\n* Standardize usage of enum and set createAt value upon creation\r\n\r\n* Add validation for target user\r\n\r\n* Simplify Enums for Notification\r\n\r\n* Add getAllNotifications for admin\r\n\r\n* Add validation for targetUser in GET request and remove redundant db check\r\n\r\n* Remove queries with respect to startTime\r\n\r\n* Add back invalidity info\r\n\r\nCo-authored-by: Nicolas Chang Weng Yew \u003cnicolas.chang99@gmail.com\u003e","fileTypesAndContributionMap":{"java":{"insertions":359,"deletions":62}}}]},{"date":"2022-03-22","commitResults":[{"hash":"29348490ae31469f1a62216ba555b47a9b176c9e","messageTitle":"[#11572] Notification: GET API test and access control (#11648)","messageBody":"* Add test for NotificationAttributes\r\n\r\n* Add notifications to typicalDataBundles and init GET api test\r\n\r\n* Add tests for GET api\r\n\r\n* Add access control and its tests for GET api\r\n\r\n* Update data in dataBundle and add more abstractions\r\n\r\n* Refactor NotificationAttributesTest and add tests for FieldValidator\r\n","fileTypesAndContributionMap":{"java":{"insertions":510,"deletions":3}}}]}],"fsgmhoward":[{"date":"2022-02-02","commitResults":[{"hash":"7cf1d3352705dd57e209a74886dd33ce246d3c47","messageTitle":"[#8364] Make rank and constsum style consistent (#11519)","messageBody":"* Make rank and constsum style consistent (#8364)\r\n\r\n- Fix inconsistency in both form style and error messages\r\n- Fix inconsistency of appearence under different screen widths\r\n\r\n* Update testing snapshots\r\n\r\nCo-authored-by: Ahmed Bahajjaj \u003c42177597+madanalogy@users.noreply.github.com\u003e","fileTypesAndContributionMap":{"html":{"insertions":32,"deletions":26}}}]},{"date":"2022-02-15","commitResults":[{"hash":"00d2adf9b916df22f900a2c34d3e2d2acb67e379","messageTitle":"[#11551] Fix incorrect message for student home page (#11563)","messageBody":"","fileTypesAndContributionMap":{"html":{"insertions":5,"deletions":3},"ts":{"insertions":4,"deletions":3}}}]},{"date":"2022-02-17","commitResults":[{"hash":"4ec60a2a9238ff85a3c99ac20967ed127e6e0921","messageTitle":"[#11487] Disable mouse wheel events for number inputs (#11542)","messageBody":"* Disable mouse wheel events for number inputs\r\n\r\n- Prevent mouse wheel scroll from changing students\u0027 number inputs\r\n\r\n* Revert \"Disable mouse wheel events for number inputs\"\r\n\r\nThis reverts commit 9429e87f4a7554e4b318e661e3851bf8b5ecc3e3.\r\n\r\n* Disable wheel for numeric inputs using directive\r\n\r\n- New WheelDisablerDirective and respective module is created\r\n- Updated snapshot for session-submission-page\r\n\r\n* Fix linting errors","fileTypesAndContributionMap":{"html":{"insertions":5,"deletions":3},"ts":{"insertions":34,"deletions":0}}}]},{"date":"2022-03-11","commitResults":[{"hash":"9f2f4c72a5f14699bdc86ce006a6eaee67501852","messageTitle":"[#11588] Fix incorrect loading for student result page (#11604)","messageBody":"","fileTypesAndContributionMap":{"html":{"insertions":1,"deletions":1},"ts":{"insertions":19,"deletions":3}}}]},{"date":"2022-03-14","commitResults":[{"hash":"39ce954f09bb555eb454b69ec3c7782bd4ddc0a5","messageTitle":"[#11547] Remove outdated instructor help information (#11555)","messageBody":"","fileTypesAndContributionMap":{"html":{"insertions":4,"deletions":27},"ts":{"insertions":0,"deletions":6}}}]},{"date":"2022-03-17","commitResults":[{"hash":"3824506e4948639b0fba6771aee3dc909c00ec3a","messageTitle":"[#11570] Move all external service classes to new package (#11577)","messageBody":"* Move all external service classes to new package\r\n\r\n* Update design diagram and documents\r\n\r\n* Update design document and diagram\r\n\r\n* Amend docs based on comments","fileTypesAndContributionMap":{"java":{"insertions":61,"deletions":38},"md":{"insertions":2,"deletions":0}}},{"hash":"fb60b831e920df67e20fb74b3f102e8098cdd7ee","messageTitle":"[#11572] Notification Feature - Skeleton of DB (#11575)","messageBody":"* Complete skeleton for notification db\r\n\r\n* Handle updatedAt, align with latest tech design\r\n\r\n* Add skeleton for notification logic\r\n\r\n* Add API to create notification, fix typo\r\n\r\n* Rename classes to plural form, add to LogicStarter","fileTypesAndContributionMap":{"java":{"insertions":740,"deletions":0}}},{"hash":"43fa06b265b50f2c797e908a7db4541a72775e57","messageTitle":"[#11572] Notification Feature - Admin Notification Page (#11623)","messageBody":"* Add notification edit form and other skeleton\r\n\r\n* Add handler for notification creation\r\n\r\n* Add handler for GET request\r\n\r\n* Add notification table\r\n\r\n* Integrate changes in POST route and fix issues\r\n\r\n* Update code to integrate changes in #11625\r\n\r\n* Hide table header when there is no content\r\n\r\n* Return newly created notification entity for POST API\r\n\r\n* Add page header and sorting for target user \u0026 type\r\n\r\n* Move DatePickerFormatter to be under datepicker\r\n\r\n* Add in length check and error message for title\r\n\r\n* Remove max length constant for message body\r\n\r\n* Use creation time descending order by default\r\n\r\n* Use datebrief by default to avoid packed numbers","fileTypesAndContributionMap":{"java":{"insertions":20,"deletions":13},"scss":{"insertions":63,"deletions":0},"html":{"insertions":263,"deletions":0},"ts":{"insertions":768,"deletions":13}}}]},{"date":"2022-03-21","commitResults":[{"hash":"a889248cae387ad6c21d8d085e87f7ebdcbb3987","messageTitle":"[#11572] Notification feature - admin page delete notification function  (#11652)","messageBody":"* Add delete notification function to admin page\r\n\r\n* Remove index numbers, add in creation time","fileTypesAndContributionMap":{"html":{"insertions":12,"deletions":11},"ts":{"insertions":51,"deletions":22}}}]},{"date":"2022-03-25","commitResults":[{"hash":"abb541e721a22b2c211d836527fd8b5489febe6b","messageTitle":"[#11572] Notification feature - Database Test (#11651)","messageBody":"Adds test for `NotificationsDb.java`. Also this fixes some issues for the Db class found along the way.","fileTypesAndContributionMap":{"java":{"insertions":288,"deletions":9}}}]}],"Nicolascwy":[{"date":"2022-01-16","commitResults":[{"hash":"9f6c8ed6aebb080847aaf17286ce2e8b39130c31","messageTitle":"[#8607] Student: edit submission: show evaluees in alphabetical order (#11482)","messageBody":"","fileTypesAndContributionMap":{"ts":{"insertions":128,"deletions":0}}}]},{"date":"2022-02-15","commitResults":[{"hash":"0da0e52bd0fdf9020de0702350b8c7298aefa723","messageTitle":"[#11466] Add remind sub-menu to UI (#11510)","messageBody":"* Add remind sub-menu to UI\r\n\r\n* Add logic to reminder button modal\r\n\r\n* Update snapshots tests for reminder sub-menu\r\n\r\n* Fix bug that incorrectly selects modal option\r\n\r\nSelecting \"Select all non-submitters\" checks the modal option \"Select\r\nall instructors not yet submitted\" and \"Select all students not yet\r\nsubmitted\" in modal even when all instructors or students have completed\r\nthe have completed the feedback session.\r\n\r\nChange isAllYetToSubmitInstructorsSelected and\r\nisAllYetToSubmitStudentsSelected functions to check that there exist\r\nentities who have not completed the form before checking option.\r\n\r\n* Style remind button\r\n\r\n* Update snapshot tests\r\n\r\n* Fix lint errors\r\n\r\n* Change button group to use bootstrap flex class\r\n\r\n* Add back loading condition\r\n\r\n* Update send reminder email E2E test\r\n\r\n* Update snapshot tests\r\n\r\n* Fix typo in E2E tests\r\n\r\n* Make E2E helper function name more descriptive\r\n\r\n* Add E2E to InstructorFeedbackSession\r\n\r\n* Remove unused event emitter\r\n\r\nUpdate snapshot tests\r\n\r\n* Add E2E test to InstructorFeedbackSession\r\n\r\nAdd E2E test to test remind all non-submitters button and ensure that sent to student non-submitters.\r\n\r\n* Fix typo in E2E test\r\n\r\n* Removed tests for more than one student\r\n\r\nStudents with the same email are not persisted in the database.\r\nThe tests added therefore did not work but passed.\r\n\r\n* Fix lint error\r\n\r\nCo-authored-by: Ahmed Bahajjaj \u003c42177597+madanalogy@users.noreply.github.com\u003e","fileTypesAndContributionMap":{"java":{"insertions":43,"deletions":7},"scss":{"insertions":0,"deletions":5},"html":{"insertions":64,"deletions":54},"ts":{"insertions":32,"deletions":15}}}]},{"date":"2022-02-23","commitResults":[{"hash":"49bea442067302441e41c5416efe6b8333614666","messageTitle":"[#11578] Make user cookie time sensitive (#11581)","messageBody":"* Add expiration time to cookies\r\n\r\n* Add UserInfo cookie test\r\n\r\n* Remove magic number and change expiry time to long\r\n\r\n* Add validity test\r\n\r\n* Change expiryTime setter to use long parameter","fileTypesAndContributionMap":{"java":{"insertions":50,"deletions":3}}}]},{"date":"2022-03-17","commitResults":[{"hash":"b074ef2f2e3a9dec4c660b5328e5bcdcc0570a1a","messageTitle":"[#11572] Notification Feature - POST route (#11620)","messageBody":"* Add missing access modifier to createNotification\r\n\r\n* Add route to create notification API URL\r\n\r\n* Add create notification mapping to action factory\r\n\r\n* Add create notification to logic\r\n\r\n* Add create notification action\r\n\r\n* Fix failing test case\r\n\r\n* Fix lint errors\r\n\r\n* Remove comment\r\n\r\n* Add validity checks for notification attributes\r\n\r\n* Fix lint errors\r\n\r\n* Fix nits\r\n\r\n* Change javadoc to be clearer\r\n\r\n* retrigger github checks\r\n\r\n* Add notification endpoint to ResourceEnddpoints\r\n\r\n* Correct incorrect javadoc reference\r\n\r\n* Delete unnecessary newline","fileTypesAndContributionMap":{"java":{"insertions":258,"deletions":7}}},{"hash":"dc784c3f90cc84c1d17448ff0d291c4710ce6879","messageTitle":"[#11572] Add delete notification route (#11650)","messageBody":"* Add DeleteNotification class to test\r\n\r\n* Add delete notification action\r\n\r\nFix lint issues\r\n\r\nAdd DeleteNotification class to test\r\n\r\n* Refactor code to use getNonNullRequestParamValue","fileTypesAndContributionMap":{"java":{"insertions":36,"deletions":1}}}]}]},"authorFileTypeContributionMap":{"zhaojj2209":{"java":14,"js":0,"scss":2,"md":0,"py":0,"tag":0,"html":52,"ts":433},"ziqing26":{"java":863,"js":0,"scss":0,"md":0,"py":0,"tag":0,"html":0,"ts":0},"fsgmhoward":{"java":1076,"js":0,"scss":63,"md":2,"py":0,"tag":0,"html":302,"ts":848},"Nicolascwy":{"java":338,"js":0,"scss":0,"md":0,"py":0,"tag":0,"html":12,"ts":156}},"authorContributionVariance":{"zhaojj2209":3227.274,"ziqing26":3763.557,"fsgmhoward":34543.832,"Nicolascwy":1343.4744},"authorDisplayNameMap":{"zhaojj2209":"TEAMMATES//ZHAO..JING","ziqing26":"TEAMMATES//ZHAN..QING","fsgmhoward":"TEAMMATES//LIU ..OHAO","Nicolascwy":"TEAMMATES//CHAN..OLAS"}}
