{"authorDailyContributionsMap":{"chan-j-d":[],"kaixin-hc":[],"zhaojj2209":[{"date":"2022-01-12","commitResults":[{"hash":"c2faa4266a4695c326c574637dc9c4ca92dfe341","messageTitle":"Add confirmation dialog when cancelling edit","messageBody":"Currently, when editing an issue title/description,\r\nclicking \u0027Cancel\u0027 immediately cancels the edit.\r\n\r\nThis might cause users who accidentally press \u0027Cancel\u0027\r\nto lose all their progress in writing the description.\r\n\r\nLet\u0027s,\r\n* add a warning dialog that pops up when users press \u0027Cancel\u0027\r\n* swap the positions of the \u0027Save\u0027 and \u0027Cancel\u0027 buttons.","fileTypesAndContributionMap":{"html":{"insertions":2,"deletions":2},"ts":{"insertions":105,"deletions":6}}}]},{"date":"2022-01-13","commitResults":[{"hash":"06336788803316ae1b582e19e3d3537e8f2fd019","messageTitle":"Allow duplicate issues to inherit labels/assignees from parent issue (#852)","messageBody":"Allow duplicate issues to inherit response from parent issue\r\n\r\nCurrently, when an issue is marked as a duplicate,\r\nthe severity/bug type/assignees/response label\r\nstill need to be filled in manually.\r\n\r\nUsers should not need to fill in these values as duplicate issues\r\nshould inherit these values from the parent issues.\r\n\r\nLet\u0027s,\r\n* hide these fields in the response form\r\n* disable the editing of these fields on the view issue page\r\n* update these fields automatically when editing the parent issue\r\nif an issue is marked as a duplicate.","fileTypesAndContributionMap":{"html":{"insertions":3,"deletions":3},"ts":{"insertions":81,"deletions":6}}}]}],"chunweii":[{"date":"2021-12-19","commitResults":[{"hash":"3965ca22534df7d261728a811f63153c380096d3","messageTitle":"Fix cursor position after pasting image (#857)","messageBody":"Currently, the user may experience inconvenience after pasting an image\r\ninto the comment editor, since the cursor may jump to the image url\r\nafter a successful upload. This occurs if the user continues to type\r\nafter pasting the image.\r\n\r\nLet\u0027s fix this issue by changing the logic of calculating the new\r\nposition of the cursor after uploading an image.","fileTypesAndContributionMap":{"ts":{"insertions":8,"deletions":5}}}]},{"date":"2021-12-29","commitResults":[{"hash":"e9ed267132efda63d4679b9883fd2078afce07c0","messageTitle":"Improve viewing bug report on github ui (#854)","messageBody":"Improve viewing bug report on github ui\r\n\r\nCurrently, the icon and the tooltip for the \"view bug report on github\"\r\nbutton is not intuitive and can cause confusion on whether the button\r\ncopies the link into the clipboard or open the link in a new tab.\r\n\r\nLet\u0027s change the icon to the \"open in new\" icon from Material Icons\r\nand make the tooltip/label clearer.","fileTypesAndContributionMap":{"html":{"insertions":3,"deletions":3}}}]},{"date":"2022-01-22","commitResults":[{"hash":"80fb851132c09730a7c47f70e695486b34b16002","messageTitle":"Remove deprecation for Window.event (#863)","messageBody":"Running npm run lint with updated Angular 8.0 raises\r\nevent is deprecated error.\r\n\r\nLet\u0027s remove all the deprecated event references and\r\nreplace them with $event.","fileTypesAndContributionMap":{"html":{"insertions":4,"deletions":4},"ts":{"insertions":8,"deletions":8}}}]},{"date":"2022-01-26","commitResults":[{"hash":"0e3d42f1cdd815637fd84fd1d925a98c861c8b95","messageTitle":"Apply prettier on all ts/json/html files (#869)","messageBody":"Apply prettier on all ts/json/html files\r\n\r\nThe PR #864 that applied prettier to the whole codebase\r\ndid not format some of the relevant files.\r\n\r\nLet\u0027s ensure that all typescript, json and html files are\r\nformatted accordingly.","fileTypesAndContributionMap":{"ts":{"insertions":62,"deletions":63}}}]},{"date":"2022-02-07","commitResults":[{"hash":"74a8ed15c478c5f62762df21584a310a7c6b2a2c","messageTitle":"Extract session-selection from auth component (#874)","messageBody":"Extract session-selection from auth component\r\n\r\nCurrently, the AuthComponent manages the form used\r\nfor sesssion selection and triggers the OAuth process.\r\n\r\nLet\u0027s move this logic (and related view) into a child\r\ncomponent.","fileTypesAndContributionMap":{"css":{"insertions":10,"deletions":11},"html":{"insertions":35,"deletions":34},"ts":{"insertions":107,"deletions":67}}}]}],"yhtMinceraft1010X":[],"ziqing26":[],"jayasting98":[],"gycgabriel":[{"date":"2022-01-21","commitResults":[{"hash":"c8b3ae27360193187e39949519bf6c94e7912819","messageTitle":"Enforce character limit of issue title (#861)","messageBody":"Title form fields allow more than 256 characters which can cause \r\na GitHub error.\r\n\r\nLet\u0027s,\r\n* limit input of issue title to 256 characters\r\n* show remaining characters when approaching that limit","fileTypesAndContributionMap":{"html":{"insertions":17,"deletions":5},"ts":{"insertions":3,"deletions":3}}}]}],"Nicolascwy":[],"samuelfangjw":[],"luminousleek":[{"date":"2021-12-29","commitResults":[{"hash":"888c9851d73f99ee3d09ced2c0b22ddce5a6a5f6","messageTitle":"Disable marking duplicated issue as duplicate (#855)","messageBody":"Disable marking duplicated issue as duplicate\r\n\r\nCurrently, it is possible to mark an already duplicated issue as a\r\nduplicate of another issue, which causes the first issue to be\r\nmarked as faulty\r\n\r\nLet\u0027s disable marking a duplicated issue as a duplicate, and instead\r\nshow the issues that are duplicating it","fileTypesAndContributionMap":{"html":{"insertions":7,"deletions":1},"ts":{"insertions":1,"deletions":1}}},{"hash":"342176020a235b3c6364fd1770592cae19d3b529","messageTitle":"Improve styling of no internet connection alert (#853)","messageBody":"Improve styling of no internet connection alert\r\n\r\nCurrently, having no internet connection is indicated by a paragraph \r\nbelow the app header\r\n\r\nLet\u0027s remove it, and instead trigger an error via the \r\nErrorHandlingService to show an Error Snackbar","fileTypesAndContributionMap":{"html":{"insertions":0,"deletions":3},"ts":{"insertions":13,"deletions":9}}}]},{"date":"2022-01-24","commitResults":[{"hash":"119f5ba5c5fc706363662187c56448fcccd969bb","messageTitle":"Apply prettier across the codebase (#864)","messageBody":"Currently, prettier is only applied to the tests and e2e directories\r\n\r\nHowever, it is not applied to src, resulting in inconsistent formatting\r\n\r\nLet\u0027s apply prettier to src, run prettier once to format the code, and\r\ninstall tslint-config-prettier to prevent conflicts between tslint and\r\nprettier in the future","fileTypesAndContributionMap":{"css":{"insertions":108,"deletions":102},"html":{"insertions":837,"deletions":473},"ts":{"insertions":1708,"deletions":1759}}}]}],"Zhou-Jiahao-1998":[],"ong6":[],"fsgmhoward":[],"tlylt":[],"gok99":[],"FergusMok":[],"jovyntls":[]},"authorFileTypeContributionMap":{"chan-j-d":{"js":0,"css":0,"html":0,"ts":0},"kaixin-hc":{"js":0,"css":0,"html":0,"ts":0},"zhaojj2209":{"js":0,"css":0,"html":1,"ts":172},"chunweii":{"js":0,"css":10,"html":38,"ts":159},"yhtMinceraft1010X":{"js":0,"css":0,"html":0,"ts":0},"ziqing26":{"js":0,"css":0,"html":0,"ts":0},"jayasting98":{"js":0,"css":0,"html":0,"ts":0},"gycgabriel":{"js":0,"css":0,"html":3,"ts":2},"Nicolascwy":{"js":0,"css":0,"html":0,"ts":0},"samuelfangjw":{"js":0,"css":0,"html":0,"ts":0},"luminousleek":{"js":0,"css":51,"html":690,"ts":1169},"Zhou-Jiahao-1998":{"js":0,"css":0,"html":0,"ts":0},"ong6":{"js":0,"css":0,"html":0,"ts":0},"fsgmhoward":{"js":0,"css":0,"html":0,"ts":0},"tlylt":{"js":0,"css":0,"html":0,"ts":0},"gok99":{"js":0,"css":0,"html":0,"ts":0},"FergusMok":{"js":0,"css":0,"html":0,"ts":0},"jovyntls":{"js":0,"css":0,"html":0,"ts":0}},"authorContributionVariance":{"chan-j-d":0.0,"kaixin-hc":0.0,"zhaojj2209":307.92755,"chunweii":1208.6567,"yhtMinceraft1010X":0.0,"ziqing26":0.0,"jayasting98":0.0,"gycgabriel":11.197647,"Nicolascwy":0.0,"samuelfangjw":0.0,"luminousleek":355157.8,"Zhou-Jiahao-1998":0.0,"ong6":0.0,"fsgmhoward":0.0,"tlylt":0.0,"gok99":0.0,"FergusMok":0.0,"jovyntls":0.0},"authorDisplayNameMap":{"chan-j-d":"CHAN..N DA","kaixin-hc":"HANN.. XIN","zhaojj2209":"ZHAO..JING","chunweii":"LEE .. WEI","yhtMinceraft1010X":"TAY ..SUEN","ziqing26":"ZHAN..QING","jayasting98":"JAY ..TING","gycgabriel":"GOH ..RIEL","Nicolascwy":"CHAN..OLAS","samuelfangjw":"FANG..MUEL","luminousleek":"LEE ..SAAC","Zhou-Jiahao-1998":"ZHOU..AHAO","ong6":"ONG ..IONG","fsgmhoward":"LIU ..OHAO","tlylt":"LIU ..IANG","gok99":"GOKU..AJIV","FergusMok":"MOK ..RGUS","jovyntls":"JOVY..HYAN"}}
