{"authorDailyContributionsMap":{"chan-j-d":[],"kaixin-hc":[],"zhaojj2209":[],"chunweii":[],"yhtMinceraft1010X":[],"ziqing26":[],"jayasting98":[],"gycgabriel":[],"Nicolascwy":[],"samuelfangjw":[],"luminousleek":[],"Zhou-Jiahao-1998":[],"ong6":[],"fsgmhoward":[],"tlylt":[],"gok99":[],"FergusMok":[],"jovyntls":[]},"authorFileTypeContributionMap":{"chan-j-d":{"java":0,"js":0,"css":0,"adoc":0,"fxml":0,"gradle":0},"kaixin-hc":{"java":0,"js":0,"css":0,"adoc":0,"fxml":0,"gradle":0},"zhaojj2209":{"java":0,"js":0,"css":0,"adoc":0,"fxml":0,"gradle":0},"chunweii":{"java":0,"js":0,"css":0,"adoc":0,"fxml":0,"gradle":0},"yhtMinceraft1010X":{"java":0,"js":0,"css":0,"adoc":0,"fxml":0,"gradle":0},"ziqing26":{"java":0,"js":0,"css":0,"adoc":0,"fxml":0,"gradle":0},"jayasting98":{"java":0,"js":0,"css":0,"adoc":0,"fxml":0,"gradle":0},"gycgabriel":{"java":0,"js":0,"css":0,"adoc":0,"fxml":0,"gradle":0},"Nicolascwy":{"java":0,"js":0,"css":0,"adoc":0,"fxml":0,"gradle":0},"samuelfangjw":{"java":0,"js":0,"css":0,"adoc":0,"fxml":0,"gradle":0},"luminousleek":{"java":0,"js":0,"css":0,"adoc":0,"fxml":0,"gradle":0},"Zhou-Jiahao-1998":{"java":0,"js":0,"css":0,"adoc":0,"fxml":0,"gradle":0},"ong6":{"java":0,"js":0,"css":0,"adoc":0,"fxml":0,"gradle":0},"fsgmhoward":{"java":0,"js":0,"css":0,"adoc":0,"fxml":0,"gradle":0},"tlylt":{"java":0,"js":0,"css":0,"adoc":0,"fxml":0,"gradle":0},"gok99":{"java":0,"js":0,"css":0,"adoc":0,"fxml":0,"gradle":0},"FergusMok":{"java":0,"js":0,"css":0,"adoc":0,"fxml":0,"gradle":0},"jovyntls":{"java":0,"js":0,"css":0,"adoc":0,"fxml":0,"gradle":0}},"authorContributionVariance":{"chan-j-d":0.0,"kaixin-hc":0.0,"zhaojj2209":0.0,"chunweii":0.0,"yhtMinceraft1010X":0.0,"ziqing26":0.0,"jayasting98":0.0,"gycgabriel":0.0,"Nicolascwy":0.0,"samuelfangjw":0.0,"luminousleek":0.0,"Zhou-Jiahao-1998":0.0,"ong6":0.0,"fsgmhoward":0.0,"tlylt":0.0,"gok99":0.0,"FergusMok":0.0,"jovyntls":0.0},"authorDisplayNameMap":{"chan-j-d":"CHAN..N DA","kaixin-hc":"HANN.. XIN","zhaojj2209":"ZHAO..JING","chunweii":"LEE .. WEI","yhtMinceraft1010X":"TAY ..SUEN","ziqing26":"ZHAN..QING","jayasting98":"JAY ..TING","gycgabriel":"GOH ..RIEL","Nicolascwy":"CHAN..OLAS","samuelfangjw":"FANG..MUEL","luminousleek":"LEE ..SAAC","Zhou-Jiahao-1998":"ZHOU..AHAO","ong6":"ONG ..IONG","fsgmhoward":"LIU ..OHAO","tlylt":"LIU ..IANG","gok99":"GOKU..AJIV","FergusMok":"MOK ..RGUS","jovyntls":"JOVY..HYAN"}}
