{"authorDailyContributionsMap":{"chan-j-d":[{"date":"2022-02-13","commitResults":[{"hash":"ed131f6294bf83fac436a6265bc4d53b022739f7","messageTitle":"[#1616] Fix issue generating repos with special chars on Windows (#1628)","messageBody":"Running RepoSense on Windows on repositories containing filenames with\r\nspecial characters will be skipped entirely. Instead, it should continue\r\nanalyzing the repository and skip the problem files.\r\n\r\nLet\u0027s prevent RepoSense on Windows skipping repositories with filenames\r\ncontaining special characters.","fileTypesAndContributionMap":{"java":{"insertions":0,"deletions":5}}}]},{"date":"2022-02-21","commitResults":[{"hash":"697a8b9c77a42232983920d9bbb93d019f405231","messageTitle":"Remove unused variables in Java files (#1673)","messageBody":"There are some unused fields and variables in the Java source code,\r\nwhich adds some unnecessary complexity and makes the code harder to\r\nread.\r\n\r\nLet\u0027s clean up these unused fields and local variables.","fileTypesAndContributionMap":{"java":{"insertions":14,"deletions":36}}}]},{"date":"2022-02-24","commitResults":[{"hash":"ca3b6b3f060f1b16a0bb988ac3d2e6e9718d80b1","messageTitle":"[#1619] Remove unused GitLsTree class and methods (#1653)","messageBody":"GitLsTree class and methods are no longer used. They should be removed\r\nto reduce the maintenance burden.\r\n\r\nLet’s remove the unused code in GitLsTree and its test class.","fileTypesAndContributionMap":{"java":{"insertions":0,"deletions":176},"md":{"insertions":0,"deletions":1}}},{"hash":"492344930274fa8ba50c170958955cf6c3b246cf","messageTitle":"[#1657] Escape special chars for bash commands (#1662)","messageBody":"Special characters in file names are not properly translated into git\r\ncommands on bash for non-Windows OS. Usage of single quotes on bash is\r\nonly necessary to escape such special characters.\r\n\r\nLet\u0027s fix the escaping of special characters for bash commands.","fileTypesAndContributionMap":{"java":{"insertions":65,"deletions":23},"md":{"insertions":4,"deletions":0}}},{"hash":"40dab6ed937ad44bb7f9935eba11b3f3a179c5f0","messageTitle":"[#1681] Fix log output for cloneFromBareAndUpdateBranch failures (#1683)","messageBody":"Logging done upon failure in GitClone::cloneFromBareAndUpdateBranch \r\ndoes not include the stack trace. There is also a missing space in the \r\nlogged error message for commands that fail, which can make the log\r\noutput confusing to read and trace.\r\n\r\nLet\u0027s fix these logging issues.","fileTypesAndContributionMap":{"java":{"insertions":3,"deletions":3}}}]},{"date":"2022-03-04","commitResults":[{"hash":"44e543e78430757adec39cea5e32ef35542b16c5","messageTitle":"[#1636] Fix ArrayOutOfBoundsException for binary files (#1663)","messageBody":"There are cases where the author of a commit can directly set their\r\nuser.email to be empty. This causes an ArrayOutOfBoundsException for\r\nbinary files committed by such an author.\r\n\r\nLet’s properly handle empty user emails for binary files.","fileTypesAndContributionMap":{"java":{"insertions":46,"deletions":11}}}]},{"date":"2022-03-25","commitResults":[{"hash":"7e4d6c0d43a2540f18c311041856320ad90f6708","messageTitle":"[#1682] Fix space in local repo causing cloning exception (#1685)","messageBody":"Output directories are not quoted which can lead to errors. The \r\nGitClone::cloneFromBareAndUpdateBranch method is also not standardized\r\nto match other clone methods which always run from the working\r\ndirectory. This can be difficult to maintain.\r\n\r\nLet’s fix the issue of spaces in repo directory causing clone failure\r\nand standardize the cloneFromBareAndUpdateBranch method.","fileTypesAndContributionMap":{"java":{"insertions":27,"deletions":11}}}]},{"date":"2022-03-26","commitResults":[{"hash":"49c1d9b5f7fad17d2ad49208035b030985724088","messageTitle":"[#1667] Refactor AnnotatorAnalyzer class (#1687)","messageBody":"The AnnotatorAnalyzer class is difficult to understand. It also performs\r\nmany null checks even while the Optional class is used. Exception\r\nhandling is also used in one part of the normal program flow.\r\n\r\nLet\u0027s refactor the methods to improve the readability and quality.","fileTypesAndContributionMap":{"java":{"insertions":149,"deletions":159}}}]},{"date":"2022-03-28","commitResults":[{"hash":"b15dad264b46c429661838a4d828efccb92174fd","messageTitle":"[#1728] GitVersion: Fix insufficient Git version build failure (#1729)","messageBody":"Machines with Git version less than 2.23 would experience build failure\r\nfrom failing several test cases that use git blame --ignore-revs-file. \r\n\r\nAdditionally, the current implementation of GitVersion does not \r\ncorrectly assess if the machine’s Git version is sufficient to support \r\nthe use of --ignore-revs-file flag.\r\n\r\nThis change fixes and generalizes the implementation of GitVersion.\r\nIt also skips the test cases that would require Git version 2.23 \r\nor higher for a machine that does not have the required Git version.\r\n\r\nLet\u0027s fix GitVersion and allow developers without Git version 2.23 or \r\nearlier to properly build RepoSense.","fileTypesAndContributionMap":{"java":{"insertions":73,"deletions":25}}},{"hash":"28ab050fa80e9e130ca339e20a452688658f577b","messageTitle":"[#1572] Accept different types of URLs besides https github (#1644)","messageBody":"The repo location verification performed in RepoLocation is too \r\nrestrictive and rejects many otherwise valid git clone targets.\r\nExternal links in the generated webpage also hardcode parts of the\r\nlink to be GitHub specific.\r\n\r\nThis change would allow RepoSense to work with a greater variety of \r\nlocations both remote and local while still providing an appropriate\r\nguess for the organization and repo-name. \r\n\r\nThe way external links are generated in the frontend has also been \r\nchanged to support GitHub, GitLab and BitBucket. Support has also \r\nbeen implemented to easily include other domain names if needed.\r\n\r\nUnsupported repository links (local or unsupported remote) will no\r\nlonger open an external webpage when clicked.\r\n\r\nLet\u0027s allow RepoSense to work with a greater variety of locations.","fileTypesAndContributionMap":{"java":{"insertions":561,"deletions":150},"md":{"insertions":26,"deletions":14},"js":{"insertions":52,"deletions":7}}}]},{"date":"2022-04-11","commitResults":[{"hash":"63309374d3a1f14af4de0fa4bd7b3edd3cdbaa3b","messageTitle":"[#1641] Fix tilde pathing in repo config not working (#1727)","messageBody":"Currently, if a local repo file path starting with a tilde is specified\r\nin repo-config.csv file, the entire file path is quoted and tilde\r\nexpansion will not be performed.\r\n\r\nThis change performs bash expansion via an echo command for repo-config\r\nlocations. However, the responsibility still falls onto the user to\r\nproperly specify their location should they decide to use variable/tilde\r\nexpansion.\r\n\r\nLet\u0027s allow use of variable/tilde expansion in repo-config.csv.","fileTypesAndContributionMap":{"java":{"insertions":15,"deletions":2}}}]}],"kaixin-hc":[],"zhaojj2209":[],"chunweii":[],"yhtMinceraft1010X":[{"date":"2022-01-26","commitResults":[{"hash":"c4d7690e7b2c3b2626187a2c26ee447d99adf15a","messageTitle":"[#1621] Docs: case 3 report and settings links do not match (#1623)","messageBody":"Some of the links in showcase.md do not match the links given in the\r\naddress bar. In some cases, the links do not match the respective\r\ndescriptions or repository. \r\n\r\nIn addition, some reports were generated using an older version of\r\nRepoSense, which results in different URL parameters.\r\n\r\nLet\u0027s change these links and use newer reports for consistency in the\r\nURL style.","fileTypesAndContributionMap":{"md":{"insertions":9,"deletions":9}}}]},{"date":"2022-02-07","commitResults":[{"hash":"e768792d588af0cbffc0589bdea28b24a9e25add","messageTitle":"Add wildcard type parameter to TestUtil.java (#1642)","messageBody":"IntelliJ throws a warning that loadResource parameter classForLoading\r\nuses raw type for Class. This warning is similar to\r\njavac -Xlint:rawtypes.\r\n\r\nLet\u0027s add a wildcard type parameter to Class to remove that warning.","fileTypesAndContributionMap":{"java":{"insertions":1,"deletions":1}}},{"hash":"728a9f9c14f706ace6873cae8696647b91ff3ffb","messageTitle":"[#1539] Fix console error when doing individual merge group (#1618)","messageBody":"Passing slice.repoId to getBaseLink() after merging groups causes the\r\nconsole error to happen. This is due to\r\nwindow.REPOS[slice.repoId].location being undefined.\r\n\r\nLet\u0027s put repoId in the commit itself and rename the \"slice\" argument\r\nto \"commit\". This should give a valid commit.repoId since getLink()\r\nfor v-ramp takes in a commit. This would also allow the usage of\r\ncommit.repoId for separate users instead of user.repoId.","fileTypesAndContributionMap":{"js":{"insertions":4,"deletions":3}}}]},{"date":"2022-02-21","commitResults":[{"hash":"51cb75848327bf02f7d064602a31f9995fa198bc","messageTitle":"[#1601] Convert datetime functionalities to java.time package (#1625)","messageBody":"SimpleDateFormat, Date and Calendar are not thread-safe, resulting in\r\ntests occasionally failing when multi-threading functionality is used.\r\n\r\nLet\u0027s use DateTimeFormatter and the java.time package APIs since they\r\nare thread-safe.","fileTypesAndContributionMap":{"java":{"insertions":553,"deletions":550},"md":{"insertions":2,"deletions":1}}}]},{"date":"2022-03-04","commitResults":[{"hash":"c6564331d2888a20ca1276cc71ab1cb897c2a4ae","messageTitle":"Docs: fix table format in configFiles.md (#1666)","messageBody":"IntelliJ shows a compatibility warning for tables in configFiles.md\r\nsaying that all rows should have pipe borders at the start and end.\r\n\r\nLet\u0027s add the borders to resolve this.","fileTypesAndContributionMap":{"md":{"insertions":25,"deletions":25}}}]},{"date":"2022-03-09","commitResults":[{"hash":"adc02f59ec2d3d6859638d80b828a767b96543ba","messageTitle":"Docs: update ternary operator in the style guide (#1688)","messageBody":"The ternary style guide in the documentation refers to the Date class,\r\nwhich has been replaced with LocalDateTime in the code.\r\n\r\nLet\u0027s update the style guide example accordingly.","fileTypesAndContributionMap":{"md":{"insertions":5,"deletions":2}}}]},{"date":"2022-03-14","commitResults":[{"hash":"fb0afca2754e84f62537a77e0f7b09dbe704b0c6","messageTitle":"[#1711] Upgrade to Cypress 9.5.1","messageBody":"Cypress 9.5.1 is now available but we are still on 7.0.1.\r\n\r\nLet\u0027s upgrade Cypress to use the latest version.","fileTypesAndContributionMap":{"md":{"insertions":4,"deletions":1},"json":{"insertions":341,"deletions":785}}}]},{"date":"2022-03-23","commitResults":[{"hash":"af551f3d07110de31822845a80f8718dfb215987","messageTitle":"Upgrade Gradle to 6.9.2 (#1664)","messageBody":"Gradle has been stuck at 5.2.1 for quite some time. This version is not\r\ncompatible with a future migration to Java 17. However, upgrading to\r\nGradle 7.4 cannot be done yet due to a need to resolve errors from\r\nthird-party plugins.\r\n\r\nLet\u0027s upgrade Gradle to 6.9.2 in the meantime to close the gap between\r\nthe version we are using and the latest available version.","fileTypesAndContributionMap":{"gradle":{"insertions":53,"deletions":40},"java":{"insertions":2,"deletions":2},"md":{"insertions":1,"deletions":1}}}]},{"date":"2022-03-25","commitResults":[{"hash":"c775ede6b274aff4dd3d9a9ef22dd98f392aa902","messageTitle":"[#1651] Enhance Checkstyle (#1652)","messageBody":"Checkstyle 8.1 does not have checks for certain Javadoc standards like\r\nwhitespace after asterisks and an empty line between description and\r\nblock tag group. At the same time, it is tedious to type out all 3\r\ncheckstyle tasks for gradlew.\r\n\r\nLet\u0027s migrate to Checkstyle 9.3 to add the missing checks and create a\r\nconsolidated checkstyleAll task to manage all 3 checkstyle tasks.","fileTypesAndContributionMap":{"gradle":{"insertions":10,"deletions":1},"java":{"insertions":36,"deletions":6},"md":{"insertions":5,"deletions":2},"yml":{"insertions":3,"deletions":3}}}]},{"date":"2022-03-26","commitResults":[{"hash":"6c4499acee9cf481303a4b0720838764577d2777","messageTitle":"[#1202] Missing javadoc for functions (#1650)","messageBody":"Some non-trivial private methods have no Javadoc. At the same time, \r\nJavadoc styles vary across the files. This is also due to some Javadoc\r\nchecks not being used in Checkstyle.\r\n\r\nLet\u0027s add the missing Javadoc, standardize the style and implement\r\nadditional checks in Checkstyle.","fileTypesAndContributionMap":{"java":{"insertions":504,"deletions":318},"md":{"insertions":85,"deletions":0}}}]},{"date":"2022-03-27","commitResults":[{"hash":"77550866e2fc7dd59357fa5818cda9740eaf93eb","messageTitle":"[#1703] Upgrade Node.js to 14 (#1714)","messageBody":"The node versions used in GitHub Actions and build.gradle do not match.\r\nAt the same time, Node.js 10 has reached end of life, while Node.js 12\r\nwill reach end of life on 30 April 2022.\r\n\r\nLet\u0027s update Node.js to use Node 14.","fileTypesAndContributionMap":{"gradle":{"insertions":1,"deletions":1},"yml":{"insertions":10,"deletions":10}}},{"hash":"d436088d5aa649784bedc5fe7f7af3fe8ec82787","messageTitle":"[#1704] Upgrade to JUnit 5 (#1705)","messageBody":"JUnit 5 has new features which may be worth using in the future.\r\n\r\nLet\u0027s upgrade our tests to use it.","fileTypesAndContributionMap":{"gradle":{"insertions":7,"deletions":1},"java":{"insertions":834,"deletions":815}}}]},{"date":"2022-04-10","commitResults":[{"hash":"878b86dbaa9d0ae67ccaa40ba28f9a667bcd2c8e","messageTitle":"Gradle: update node and execfork plugins to newer versions (#1744)","messageBody":"The com.github.psxpaul.execfork and com.liferay.node have newer versions\r\navailable (0.2.0 and 7.2.16 respectively), and they are compatible with\r\nJava 8 and Gradle 6.9.2 that we are currently using.\r\n\r\nLet\u0027s upgrade them to move closer towards Gradle 7.","fileTypesAndContributionMap":{"gradle":{"insertions":4,"deletions":2}}}]},{"date":"2022-04-11","commitResults":[{"hash":"fe4271f68ea1b7f9c619bc7e27840c510c092e82","messageTitle":"[#1630] Rearrange Gradle tasks and their dependencies (#1631)","messageBody":"When running pure backend tests alone using gradlew test systemtest, the\r\nfrontend is built before these tests. This is due to zipReport task\r\nbeing needed for compileJava. zipReport in turn relies on buildFrontend.\r\n\r\nThe frontend is not used for these tests. It is wasteful to run \r\nbuildFrontend when only the backend tests are being run.\r\n\r\nIn addition, some other tasks and properties are scattered throughout\r\nthe build.gradle file or have dependencies that could be pushed forward.\r\nThis complicates maintenance.\r\n\r\nLet\u0027s remove the `test` and `systemtest` dependency on the frontend as\r\nwell as re-order and consolidate some task properties and dependencies.\r\nThis should make running either of them faster.","fileTypesAndContributionMap":{"gradle":{"insertions":49,"deletions":48}}},{"hash":"edb1844a9d7ed87e3f1c7dfc731db56c30e51cab","messageTitle":"[#1734] DevOps: update uploading of coverage reports to Codecov (#1735)","messageBody":"The Codecov bash uploader has been deprecated since February 2022 and\r\nmay stop working at any time, causing the coverage reports used for pull\r\nrequests to not be generated once that happens.\r\n\r\nIn addition, the code coverage has always been specific to the Ubuntu\r\nenvironment, and Codecov often incorrectly report missing coverage for\r\nWindows-specific code.\r\n\r\nLet\u0027s switch to the new uploader using the codecov/codecov-action GitHub\r\nAction, and expand the coverage testing to include Mac and Windows.","fileTypesAndContributionMap":{"yml":{"insertions":21,"deletions":1}}}]}],"ziqing26":[],"jayasting98":[],"gycgabriel":[],"Nicolascwy":[],"samuelfangjw":[],"luminousleek":[],"Zhou-Jiahao-1998":[{"date":"2022-01-21","commitResults":[{"hash":"065a7fa51d501414bb997ee84178816fd33ab7af","messageTitle":"[#1591] Omit percentile if the list is sorted alphabetically (#1610)","messageBody":"Omit percentile if the list is not sorted by contribution\r\n\r\nThe percentage is only useful when the list is sorted by contribution.\r\nIt can be confusing in other cases.\r\n\r\nLet\u0027s change it such that the percentage is only displayed when the\r\nlist is sorted by contribution.","fileTypesAndContributionMap":{"js":{"insertions":100,"deletions":0}}}]},{"date":"2022-01-26","commitResults":[{"hash":"d9e7ea8698ff994b542852d7337f15c316f2586c","messageTitle":"[#1597] Remove duplicate error messages in error summary (#1605)","messageBody":"Duplicate error messages appear in the error summary shown in the\r\nfinal report when the same repository has errors in multiple\r\nconfiguration files.\r\n\r\nLet\u0027s change the error summary data structure from List to Set to\r\nremove duplicate error messages without affecting performance. The\r\norder of error messages may change, but should not be a problem.","fileTypesAndContributionMap":{"java":{"insertions":77,"deletions":18},"js":{"insertions":1,"deletions":1}}}]},{"date":"2022-02-04","commitResults":[{"hash":"00e109fcfe1c234733ab6955c867180cc7dc6233","messageTitle":"[#1540] Remove Cypress.wait() at the start of cypress tests (#1643)","messageBody":"Cypress.wait() is placed at the start of every cypress test. However,\r\nthey do not serve any purpose other than to slow down the tests.\r\n\r\nLet\u0027s remove them to speed up frontend testing.","fileTypesAndContributionMap":{"js":{"insertions":0,"deletions":101}}}]},{"date":"2022-02-07","commitResults":[{"hash":"e5863c827032e3faef9ed9ef7f19d4dc157a7d4d","messageTitle":"[#1603] Terminate if a CSV config file has an unknown column (#1609)","messageBody":"RepoSense does not show any error if a config file has an unknown\r\ncolumn as it is likely to be a user mistake that could affect the\r\noutput.\r\n\r\nLet\u0027s add a new exception (InvalidHeaderException) to handle this, as\r\nusing InvalidCsvException will not terminate the program. The check is\r\ndone within CsvParser::validateHeader.\r\n\r\nThe original code already handles case insensitive matching of column\r\nnames.","fileTypesAndContributionMap":{"java":{"insertions":58,"deletions":5}}}]},{"date":"2022-03-10","commitResults":[{"hash":"731a268e7eeee66b8894fecccea4fc0c27b50465","messageTitle":"[#1627, #1633] Upgrade frontend to Vue3 (#1646)","messageBody":"Vue 3 offers performance gain and better Typescript support.\r\n\r\nLet\u0027s upgrade to the latest version of Vue.","fileTypesAndContributionMap":{"json":{"insertions":9,"deletions":9},"js":{"insertions":20,"deletions":19}}}]},{"date":"2022-03-17","commitResults":[{"hash":"a4ee1877a9fc47abde0592201ae489911a4bb604","messageTitle":"[#1634] Replace cdn links to import from node_modules instead (#1710)","messageBody":"Some css files are currently imported directly in the code, making it\r\ndifficult to manage.\r\n\r\nLet us import from node_module for easy management.","tags":["v2.1"],"fileTypesAndContributionMap":{"json":{"insertions":3,"deletions":0},"js":{"insertions":5,"deletions":0}}}]},{"date":"2022-03-30","commitResults":[{"hash":"2b864022bbf5db55ae9d4f96eaf0a70e961646f5","messageTitle":"[#1632] Frontend: Add TypeScript (#1721)","messageBody":"TypeScript offers precise definition through typing, which makes code\r\nmanagement easier.\r\n\r\nLet\u0027s start transitioning our frontend code to use TypeScript.","fileTypesAndContributionMap":{"json":{"insertions":114,"deletions":50},"js":{"insertions":7,"deletions":44}}}]}],"ong6":[],"fsgmhoward":[],"tlylt":[],"gok99":[{"date":"2022-01-21","commitResults":[{"hash":"e5d53bd9af7bc2704a6bf3763f2980a67392728e","messageTitle":"Support frontend hot reload on Linux (#1620)","messageBody":"The hotReloadFrontend gradle task does not support Linux. Apache\r\nant\u0027s `Os` class does not have an OS family specifically for Linux.\r\nThe Mac hot reload feature also does not appear to work.\r\n\r\nLet\u0027s:\r\n- add hot reload for Linux using gradle\u0027s OperatingSystem::isLinux\r\n- use `npm run serveOpen` command for both Mac and Linux","fileTypesAndContributionMap":{"gradle":{"insertions":14,"deletions":4}}}]},{"date":"2022-02-16","commitResults":[{"hash":"8300deeec81cf308cf5c84943a2adb46814c9bd6","messageTitle":"[#1615] Clear deployments for closed pull requests (#1654)","messageBody":"Deployment previews generated for open PRs are not cleared\r\nautomatically when a PR is closed or merged. As a result, environments\r\nneed to be cleared manually periodically, which is less than ideal.\r\n\r\nLet\u0027s add a GitHub workflow for closed (which includes merged) PRs\r\nthat deletes generated preview environments automatically, and posts \r\na comment on the PR with the preview links for later reference.","fileTypesAndContributionMap":{"sh":{"insertions":105,"deletions":0},"md":{"insertions":2,"deletions":0},"yml":{"insertions":24,"deletions":0}}},{"hash":"5ff9aec0a6362919615e92105dea38813df478bf","messageTitle":"[#1648] Frontend: display reportTitle as browser tab title (#1656)","messageBody":"The title of the browser window displays \u0027reposense\u0027 instead of the \r\n`reportTitle` as specified in report-config.json. This is becuase the \r\ndefault index page title in the backend is wrongly specified. \r\n\r\nLet\u0027s correctly specify the default index page title, so that it gets \r\ncorrectly replaced by the specified reportTitle and shown in the browser\r\ntab.","fileTypesAndContributionMap":{"java":{"insertions":1,"deletions":1}}},{"hash":"38186ac354e12bff8a6d502cdefe2041b938ff92","messageTitle":"Actions: use pull_request_target for delete deploy workflow (#1675)","messageBody":"The delete deployments workflow merged in #1654 doesn\u0027t work for PRs \r\nfrom forked repos due to insufficient GitHub token permissions.\r\n\r\nAdditionally, the pending and surge workflows use fetch-depth: 0 when\r\nchecking out the repository, which unnecessarily fetches the full\r\nhistory of the repository and cause the workflow to be slightly slower.\r\n\r\nLet\u0027s use the pull_request_target workflow (instead of pull_request) \r\nwhich provides necessary permissions for the delete task, and give the\r\ntask a name. Let\u0027s also remove the unnecessary fetch-depth: 0 from the\r\npending and surge workflows.","fileTypesAndContributionMap":{"sh":{"insertions":2,"deletions":2},"yml":{"insertions":2,"deletions":7}}}]},{"date":"2022-02-21","commitResults":[{"hash":"0fc6b47b10366eb564e36185ef91be67566d949f","messageTitle":"Actions: pull deployment info specific to the PR for deletion (#1677)","messageBody":"For the delete deployment workflow, we are pulling all deployments in\r\nthe repo and filtering by PR ID. Hence, it is likely that older \r\ndeployments will not be included in the 30 that is returned by the\r\nGitHub API by default.\r\n\r\nLet\u0027s fix this by pulling only deployments specific to the environments\r\nto be deleted, and increasing the limit from 30 to 100 (which is the\r\nmaximum), to ensure that all deployment IDs for a PR are correctly\r\npulled and deleted. ","fileTypesAndContributionMap":{"sh":{"insertions":7,"deletions":8}}}]},{"date":"2022-03-07","commitResults":[{"hash":"3813b4a200ab12e716ae83af00451d6c896c8040","messageTitle":"[#1655] Remove duplicated method in GitRevList (#1690)","messageBody":"The methods `getCommitHashBeforeDate` and `getCommitHashUntilDate` in\r\nGitRevList.java have identical logic.\r\n\r\nLet\u0027s remove `getCommitHashBeforeDate` and replace the `--before` flag \r\nin `getCommitHashUntilDate` with `--until` to match with the method \r\nname.","fileTypesAndContributionMap":{"java":{"insertions":12,"deletions":28}}}]},{"date":"2022-03-13","commitResults":[{"hash":"e55de431a487a6c8c4cad726bec5620e7bf9de92","messageTitle":"[#1659] Separate backend and frontend responsibilites (#1691)","messageBody":"The backend modifies files generated by the frontend. This breaks the\r\nseparation of responsibilities for generated report files, which makes \r\ntesting more challenging.\r\n\r\nLet\u0027s stop the backend manually modifying report titles in frontend\r\ngenerated files, and have the frontend update the report title itself. \r\nThe default report title generated by the frontend is now also \r\n\u0027RepoSense Report\u0027 instead of \u0027reposense\u0027 so that there is no delay in\r\nupdating the report title in the default case. The backend will proceed\r\nto generate report files in the absence of `templateZip.zip`. Let\u0027s\r\nalso add a test to check that report titles are correctly updated.","fileTypesAndContributionMap":{"gradle":{"insertions":1,"deletions":1},"java":{"insertions":10,"deletions":23},"json":{"insertions":3,"deletions":0},"js":{"insertions":12,"deletions":0}}}]},{"date":"2022-03-30","commitResults":[{"hash":"c9ff9886470f90447e657bdbc2eb002dc54e6baa","messageTitle":"[#1723] Run Windows CI on GitHub Actions instead of AppVeyor (#1731)","messageBody":"Due to historical reasons, Linux and Mac CI are run on GitHub Actions\r\nwhile Windows CI is run on AppVeyor. This makes Windows CI hard to\r\nmonitor and maintain.\r\n\r\nLet\u0027s run CI on Windows (windows-2022, windows-2019) on GitHub Actions\r\nas well. Let\u0027s also stop using AppVeyor and remove AppVeyor CI scripts.","fileTypesAndContributionMap":{"md":{"insertions":3,"deletions":8},"yml":{"insertions":51,"deletions":20}}}]},{"date":"2022-04-10","commitResults":[{"hash":"219297f01bcb950928d8ad86f0756be34aabffa9","messageTitle":"[#1738] Remove dependence of Cypress tests on RepoSense master (#1741)","messageBody":"Cypress tests depend on RepoSense master which is constantly changing.\r\nThis can break tests as it did when #1731 was merged.\r\n\r\nLet\u0027s use a separate branch \u0027cypress\u0027 in the RepoSense repository to\r\ngenerate fixed reports for frontend tests that are not affected by\r\nmerges to master. Changes required for testing new frontend features\r\ncan be made to the cypress branch which will be independent of master.\r\nLet\u0027s also remove the AppVeyor CI badge since we no longer use it as\r\nof PR #1731.","fileTypesAndContributionMap":{"md":{"insertions":2,"deletions":1},"js":{"insertions":2,"deletions":3}}}]}],"FergusMok":[],"jovyntls":[]},"authorFileTypeContributionMap":{"chan-j-d":{"java":829,"js":52,"scss":0,"json":0,"md":30,"py":0,"pug":0,"gradle":0,"sh":0,"yml":0},"kaixin-hc":{"java":0,"js":0,"scss":0,"json":0,"md":0,"py":0,"pug":0,"gradle":0,"sh":0,"yml":0},"zhaojj2209":{"java":0,"js":0,"scss":0,"json":0,"md":0,"py":0,"pug":0,"gradle":0,"sh":0,"yml":0},"chunweii":{"java":0,"js":0,"scss":0,"json":0,"md":0,"py":0,"pug":0,"gradle":0,"sh":0,"yml":0},"yhtMinceraft1010X":{"java":1833,"js":4,"scss":0,"json":337,"md":131,"py":0,"pug":0,"gradle":97,"sh":0,"yml":30},"ziqing26":{"java":0,"js":0,"scss":0,"json":0,"md":0,"py":0,"pug":0,"gradle":0,"sh":0,"yml":0},"jayasting98":{"java":0,"js":0,"scss":0,"json":0,"md":0,"py":0,"pug":0,"gradle":0,"sh":0,"yml":0},"gycgabriel":{"java":0,"js":0,"scss":0,"json":0,"md":0,"py":0,"pug":0,"gradle":0,"sh":0,"yml":0},"Nicolascwy":{"java":0,"js":0,"scss":0,"json":0,"md":0,"py":0,"pug":0,"gradle":0,"sh":0,"yml":0},"samuelfangjw":{"java":0,"js":0,"scss":0,"json":0,"md":0,"py":0,"pug":0,"gradle":0,"sh":0,"yml":0},"luminousleek":{"java":0,"js":0,"scss":0,"json":0,"md":0,"py":0,"pug":0,"gradle":0,"sh":0,"yml":0},"Zhou-Jiahao-1998":{"java":99,"js":104,"scss":0,"json":108,"md":0,"py":0,"pug":0,"gradle":0,"sh":0,"yml":0},"ong6":{"java":0,"js":0,"scss":0,"json":0,"md":0,"py":0,"pug":0,"gradle":0,"sh":0,"yml":0},"fsgmhoward":{"java":0,"js":0,"scss":0,"json":0,"md":0,"py":0,"pug":0,"gradle":0,"sh":0,"yml":0},"tlylt":{"java":0,"js":0,"scss":0,"json":0,"md":0,"py":0,"pug":0,"gradle":0,"sh":0,"yml":0},"gok99":{"java":17,"js":11,"scss":0,"json":3,"md":7,"py":0,"pug":0,"gradle":13,"sh":104,"yml":74},"FergusMok":{"java":0,"js":0,"scss":0,"json":0,"md":0,"py":0,"pug":0,"gradle":0,"sh":0,"yml":0},"jovyntls":{"java":0,"js":0,"scss":0,"json":0,"md":0,"py":0,"pug":0,"gradle":0,"sh":0,"yml":0}},"authorContributionVariance":{"chan-j-d":7436.6226,"kaixin-hc":0.0,"zhaojj2209":0.0,"chunweii":0.0,"yhtMinceraft1010X":45233.188,"ziqing26":0.0,"jayasting98":0.0,"gycgabriel":0.0,"Nicolascwy":0.0,"samuelfangjw":0.0,"luminousleek":0.0,"Zhou-Jiahao-1998":606.0929,"ong6":0.0,"fsgmhoward":0.0,"tlylt":0.0,"gok99":240.73195,"FergusMok":0.0,"jovyntls":0.0},"authorDisplayNameMap":{"chan-j-d":"REPOSENSE//CHAN..N DA","kaixin-hc":"MARKBIND//HANN.. XIN","zhaojj2209":"TEAMMATES//ZHAO..JING","chunweii":"CATCHER//LEE .. WEI","yhtMinceraft1010X":"REPOSENSE//TAY ..SUEN","ziqing26":"TEAMMATES//ZHAN..QING","jayasting98":"TEAMMATES//JAY ..TING","gycgabriel":"CATCHER//GOH ..RIEL","Nicolascwy":"TEAMMATES//CHAN..OLAS","samuelfangjw":"TEAMMATES//FANG..MUEL","luminousleek":"CATCHER//LEE ..SAAC","Zhou-Jiahao-1998":"REPOSENSE//ZHOU..AHAO","ong6":"MARKBIND//ONG ..IONG","fsgmhoward":"TEAMMATES//LIU ..OHAO","tlylt":"MARKBIND//LIU ..IANG","gok99":"REPOSENSE//GOKU..AJIV","FergusMok":"TEAMMATES//MOK ..RGUS","jovyntls":"MARKBIND//JOVY..HYAN"}}
