{"authorDailyContributionsMap":{"chan-j-d":[],"kaixin-hc":[],"zhaojj2209":[],"chunweii":[],"yhtMinceraft1010X":[{"date":"2022-01-26","commitResults":[{"hash":"c4d7690e7b2c3b2626187a2c26ee447d99adf15a","messageTitle":"[#1621] Docs: case 3 report and settings links do not match (#1623)","messageBody":"Some of the links in showcase.md do not match the links given in the\r\naddress bar. In some cases, the links do not match the respective\r\ndescriptions or repository. \r\n\r\nIn addition, some reports were generated using an older version of\r\nRepoSense, which results in different URL parameters.\r\n\r\nLet\u0027s change these links and use newer reports for consistency in the\r\nURL style.","fileTypesAndContributionMap":{"md":{"insertions":9,"deletions":9}}}]},{"date":"2022-02-07","commitResults":[{"hash":"e768792d588af0cbffc0589bdea28b24a9e25add","messageTitle":"Add wildcard type parameter to TestUtil.java (#1642)","messageBody":"IntelliJ throws a warning that loadResource parameter classForLoading\r\nuses raw type for Class. This warning is similar to\r\njavac -Xlint:rawtypes.\r\n\r\nLet\u0027s add a wildcard type parameter to Class to remove that warning.","fileTypesAndContributionMap":{"java":{"insertions":1,"deletions":1}}},{"hash":"728a9f9c14f706ace6873cae8696647b91ff3ffb","messageTitle":"[#1539] Fix console error when doing individual merge group (#1618)","messageBody":"Passing slice.repoId to getBaseLink() after merging groups causes the\r\nconsole error to happen. This is due to\r\nwindow.REPOS[slice.repoId].location being undefined.\r\n\r\nLet\u0027s put repoId in the commit itself and rename the \"slice\" argument\r\nto \"commit\". This should give a valid commit.repoId since getLink()\r\nfor v-ramp takes in a commit. This would also allow the usage of\r\ncommit.repoId for separate users instead of user.repoId.","fileTypesAndContributionMap":{"js":{"insertions":4,"deletions":3}}}]}],"ziqing26":[],"jayasting98":[],"gycgabriel":[],"Nicolascwy":[],"samuelfangjw":[],"luminousleek":[],"Zhou-Jiahao-1998":[{"date":"2022-01-21","commitResults":[{"hash":"065a7fa51d501414bb997ee84178816fd33ab7af","messageTitle":"[#1591] Omit percentile if the list is sorted alphabetically (#1610)","messageBody":"Omit percentile if the list is not sorted by contribution\r\n\r\nThe percentage is only useful when the list is sorted by contribution.\r\nIt can be confusing in other cases.\r\n\r\nLet\u0027s change it such that the percentage is only displayed when the\r\nlist is sorted by contribution.","fileTypesAndContributionMap":{"js":{"insertions":100,"deletions":0}}}]},{"date":"2022-01-26","commitResults":[{"hash":"d9e7ea8698ff994b542852d7337f15c316f2586c","messageTitle":"[#1597] Remove duplicate error messages in error summary (#1605)","messageBody":"Duplicate error messages appear in the error summary shown in the\r\nfinal report when the same repository has errors in multiple\r\nconfiguration files.\r\n\r\nLet\u0027s change the error summary data structure from List to Set to\r\nremove duplicate error messages without affecting performance. The\r\norder of error messages may change, but should not be a problem.","fileTypesAndContributionMap":{"java":{"insertions":77,"deletions":18},"js":{"insertions":1,"deletions":1}}}]},{"date":"2022-02-04","commitResults":[{"hash":"00e109fcfe1c234733ab6955c867180cc7dc6233","messageTitle":"[#1540] Remove Cypress.wait() at the start of cypress tests (#1643)","messageBody":"Cypress.wait() is placed at the start of every cypress test. However,\r\nthey do not serve any purpose other than to slow down the tests.\r\n\r\nLet\u0027s remove them to speed up frontend testing.","fileTypesAndContributionMap":{"js":{"insertions":0,"deletions":101}}}]},{"date":"2022-02-07","commitResults":[{"hash":"e5863c827032e3faef9ed9ef7f19d4dc157a7d4d","messageTitle":"[#1603] Terminate if a CSV config file has an unknown column (#1609)","messageBody":"RepoSense does not show any error if a config file has an unknown\r\ncolumn as it is likely to be a user mistake that could affect the\r\noutput.\r\n\r\nLet\u0027s add a new exception (InvalidHeaderException) to handle this, as\r\nusing InvalidCsvException will not terminate the program. The check is\r\ndone within CsvParser::validateHeader.\r\n\r\nThe original code already handles case insensitive matching of column\r\nnames.","fileTypesAndContributionMap":{"java":{"insertions":58,"deletions":5}}}]}],"ong6":[],"fsgmhoward":[],"tlylt":[],"gok99":[{"date":"2022-01-21","commitResults":[{"hash":"e5d53bd9af7bc2704a6bf3763f2980a67392728e","messageTitle":"Support frontend hot reload on Linux (#1620)","messageBody":"The hotReloadFrontend gradle task does not support Linux. Apache\r\nant\u0027s `Os` class does not have an OS family specifically for Linux.\r\nThe Mac hot reload feature also does not appear to work.\r\n\r\nLet\u0027s:\r\n- add hot reload for Linux using gradle\u0027s OperatingSystem::isLinux\r\n- use `npm run serveOpen` command for both Mac and Linux","fileTypesAndContributionMap":{"gradle":{"insertions":14,"deletions":4}}}]}],"FergusMok":[],"jovyntls":[]},"authorFileTypeContributionMap":{"chan-j-d":{"java":0,"js":0,"scss":0,"json":0,"md":0,"py":0,"pug":0,"gradle":0,"sh":0,"yml":0},"kaixin-hc":{"java":0,"js":0,"scss":0,"json":0,"md":0,"py":0,"pug":0,"gradle":0,"sh":0,"yml":0},"zhaojj2209":{"java":0,"js":0,"scss":0,"json":0,"md":0,"py":0,"pug":0,"gradle":0,"sh":0,"yml":0},"chunweii":{"java":0,"js":0,"scss":0,"json":0,"md":0,"py":0,"pug":0,"gradle":0,"sh":0,"yml":0},"yhtMinceraft1010X":{"java":1,"js":4,"scss":0,"json":0,"md":9,"py":0,"pug":0,"gradle":0,"sh":0,"yml":0},"ziqing26":{"java":0,"js":0,"scss":0,"json":0,"md":0,"py":0,"pug":0,"gradle":0,"sh":0,"yml":0},"jayasting98":{"java":0,"js":0,"scss":0,"json":0,"md":0,"py":0,"pug":0,"gradle":0,"sh":0,"yml":0},"gycgabriel":{"java":0,"js":0,"scss":0,"json":0,"md":0,"py":0,"pug":0,"gradle":0,"sh":0,"yml":0},"Nicolascwy":{"java":0,"js":0,"scss":0,"json":0,"md":0,"py":0,"pug":0,"gradle":0,"sh":0,"yml":0},"samuelfangjw":{"java":0,"js":0,"scss":0,"json":0,"md":0,"py":0,"pug":0,"gradle":0,"sh":0,"yml":0},"luminousleek":{"java":0,"js":0,"scss":0,"json":0,"md":0,"py":0,"pug":0,"gradle":0,"sh":0,"yml":0},"Zhou-Jiahao-1998":{"java":134,"js":95,"scss":0,"json":0,"md":0,"py":0,"pug":0,"gradle":0,"sh":0,"yml":0},"ong6":{"java":0,"js":0,"scss":0,"json":0,"md":0,"py":0,"pug":0,"gradle":0,"sh":0,"yml":0},"fsgmhoward":{"java":0,"js":0,"scss":0,"json":0,"md":0,"py":0,"pug":0,"gradle":0,"sh":0,"yml":0},"tlylt":{"java":0,"js":0,"scss":0,"json":0,"md":0,"py":0,"pug":0,"gradle":0,"sh":0,"yml":0},"gok99":{"java":0,"js":0,"scss":0,"json":0,"md":0,"py":0,"pug":0,"gradle":14,"sh":0,"yml":0},"FergusMok":{"java":0,"js":0,"scss":0,"json":0,"md":0,"py":0,"pug":0,"gradle":0,"sh":0,"yml":0},"jovyntls":{"java":0,"js":0,"scss":0,"json":0,"md":0,"py":0,"pug":0,"gradle":0,"sh":0,"yml":0}},"authorContributionVariance":{"chan-j-d":0.0,"kaixin-hc":0.0,"zhaojj2209":0.0,"chunweii":0.0,"yhtMinceraft1010X":5.7164445,"ziqing26":0.0,"jayasting98":0.0,"gycgabriel":0.0,"Nicolascwy":0.0,"samuelfangjw":0.0,"luminousleek":0.0,"Zhou-Jiahao-1998":459.2796,"ong6":0.0,"fsgmhoward":0.0,"tlylt":0.0,"gok99":4.6275992,"FergusMok":0.0,"jovyntls":0.0},"authorDisplayNameMap":{"chan-j-d":"CHAN..N DA","kaixin-hc":"HANN.. XIN","zhaojj2209":"ZHAO..JING","chunweii":"LEE .. WEI","yhtMinceraft1010X":"TAY ..SUEN","ziqing26":"ZHAN..QING","jayasting98":"JAY ..TING","gycgabriel":"GOH ..RIEL","Nicolascwy":"CHAN..OLAS","samuelfangjw":"FANG..MUEL","luminousleek":"LEE ..SAAC","Zhou-Jiahao-1998":"ZHOU..AHAO","ong6":"ONG ..IONG","fsgmhoward":"LIU ..OHAO","tlylt":"LIU ..IANG","gok99":"GOKU..AJIV","FergusMok":"MOK ..RGUS","jovyntls":"JOVY..HYAN"}}
