{"authorDailyContributionsMap":{"jayasting98":[{"date":"2022-02-15","commitResults":[{"hash":"f347d6657482e8e264b6fb24d57369d9c3b71c08","messageTitle":"[#11548] Add edit functionality for admins adding new instructors (#11549)","messageBody":"","fileTypesAndContributionMap":{"scss":{"insertions":0,"deletions":0},"html":{"insertions":39,"deletions":18},"ts":{"insertions":610,"deletions":34}}}]},{"date":"2022-04-03","commitResults":[{"hash":"6c027b1e38bf3626e24262b79f0f0a85a03ff031","messageTitle":"[#11571] Selective Deadline Extensions - Get selective deadlines (#11606)","messageBody":"* Add extendedDeadlines map field to feedback sessions\n\n* Update tests for new extendedDeadlines field\n\n* Add extendedDeadlines map field to FeedbackSessionData\n\n* Add logic for extended deadlines for participants\n\n* Add tests for extended deadlines for participants\n\n* Add logic for extended deadlines for instructors\n\n* Add tests for extended deadlines for instructors\n\n* Combine similar methods that check feedback session state\n\n* Update front-end FeedbackSession instances\n\n* Rename extendedDeadlines to studentDeadlines\n\n* Update E2E test data\n\n* Add instructorDeadlines to feedback sessions\n\n* Update FeedbackSessionAttributesTest\n\n* Update data bundle files\n\n* Add instructorDeadlines to FeedbackSessionData\n\n* Update front-end FeedbackSession instances with instructorDeadlines\n\n* Update logic for deadlines\n\n* Update tests for getting deadlines\n\n* Populate some test data bundles with data\n\n* Handle possibly null deadline maps\n\n* Allow deadline maps to be updated\n\n* Add tests for updating deadline maps\n\n* Simplify unit tests in GetFeedbackSessionActionTest\n\n* Remove validity checks for deadline maps\n\n* Increase comment quality\n\n* Move deadline map filtering into FeedbackSessionData\n\n* Move deadline map filtering into FeedbackSessionData\n\n* Clean code\n\n* Change deadline logic to use deadline supplier\n\n* Add tests for sanitization methods and deadline initialization\n\n* Remove double switch-case blocks in GetFeedbackSessionAction\n","fileTypesAndContributionMap":{"java":{"insertions":1315,"deletions":23},"ts":{"insertions":76,"deletions":0}}},{"hash":"0c3e464a46e0f95ca4f611e029cadc7450e54d69","messageTitle":"[#11571] Selective Deadline Extensions - C_UD selective deadlines (#11649)","messageBody":"","fileTypesAndContributionMap":{"java":{"insertions":699,"deletions":13},"ts":{"insertions":8,"deletions":1}}},{"hash":"9b14dfbf26d9d13b605f32f3487c1827a272f9ef","messageTitle":"[#11571] Selective Deadline Extensions - Integrate the backend (#11671)","messageBody":"","fileTypesAndContributionMap":{"java":{"insertions":61,"deletions":2}}},{"hash":"5128319cb966ca76efb3d9a883b2a6a21f6e3270","messageTitle":"[#11571] Add selective deadlines into access control checks (#11689)","messageBody":"* Sanitize feedback session in comment creation access control\r\n\r\n* Test comment creation access control feedback session sanitization\r\n\r\n* Sanitize feedback session in comment deletion access control\r\n\r\n* Test comment deletion access control feedback session sanitization\r\n\r\n* Sanitize feedback session in response submission access control\r\n\r\n* Test response submission access control feedback session sanitization\r\n\r\n* Sanitize feedback session in comment update access control\r\n\r\n* Test comment update access control feedback session sanitization","fileTypesAndContributionMap":{"java":{"insertions":401,"deletions":4}}},{"hash":"84bace78e7d9ccb5ca496391faf846b1c253a060","messageTitle":"[#11571] Cascade user updates/deletes to deadline maps (#11688)","messageBody":"* Add methods for updating and deleting deadline maps for a user\n\n* Add tests for updating and deleting deadline maps for a user\n\n* Cascade instructor updates or deletes to deadline maps\n\n* Test cascade of instructor updates or deletes to deadline maps\n\n* Cascade student updates or deletes to deadline maps\n\n* Test cascade of student updates or deletes to deadline maps\n\n* Match deadline extension entities with deadline maps\n\n* Change deadlinesUpdater into a Consumer\n\n* Change unexpected error assertion into a severe log\n\n* Improve readability of feedback session deadline map update code\n\n* Clean code\n\n* Clean code further\n","fileTypesAndContributionMap":{"java":{"insertions":405,"deletions":0}}}]}],"FergusMok":[{"date":"2022-02-12","commitResults":[{"hash":"bb36f4ac20e02cc2ad8225858e431a3896a2cd3c","messageTitle":"[#11152] Student update profile: profile image does not display correctly when certain formats are used  (#11550)","messageBody":"* Add validation for student profile picture file types\r\n\r\n* Add more user-friendly notice message\r\n\r\n* Change validProfileFileTypes to readonly\r\n\r\n* Fix linting problems","fileTypesAndContributionMap":{"html":{"insertions":6,"deletions":6},"ts":{"insertions":11,"deletions":2}}}]},{"date":"2022-03-11","commitResults":[{"hash":"2763068a02e18d776000b8d27ac8c8a9792b1cba","messageTitle":"[#10843] Instructor viewing results: incorrect state shown briefly when expanding the non-submitters panel (#11595)","messageBody":"","fileTypesAndContributionMap":{"html":{"insertions":43,"deletions":40},"ts":{"insertions":5,"deletions":1}}}]},{"date":"2022-03-27","commitResults":[{"hash":"5fd040ca1c0d5a59cd4d25a125eea2b39ffd31b1","messageTitle":"[#11086] Enrolling students: show a progress indicator when enrolling a large class (#11600)","messageBody":"","fileTypesAndContributionMap":{"scss":{"insertions":4,"deletions":0},"html":{"insertions":2,"deletions":0},"ts":{"insertions":9,"deletions":1}}}]}],"samuelfangjw":[{"date":"2022-02-05","commitResults":[{"hash":"30ac04ef07347f29d1ee5b6a89fd779bacc1cde7","messageTitle":"[#11371] Instructor sample data: defer until instructor joins (#11396)","messageBody":"* Defer creation of sample data until after instructor joins\r\n\r\n* Fix deleteAccountRequest\r\n\r\n* Add loading spinner to create-account-page\r\n\r\n* Add check for whether user already has account\r\n\r\n* Update frontend tests\r\n\r\n* Add component tests\r\n\r\n* Add tests for AccountRequestAttributes\r\n\r\n* Add component tests for create account actions\r\n\r\n* Fix frontend lint errors\r\n\r\n* Fix backend lint errors\r\n\r\n* Fix e2e tests\r\n\r\n* Add account requests to data bundle\r\n\r\n* Update account  requests logic test\r\n\r\n* Add e2e Tests\r\n\r\n* Fix page not redirecting to login\r\n\r\n* Fix lint errors\r\n\r\n* Fix linting issues\r\n\r\n* Change id of AccountRequest to use both email and institute\r\n\r\n* Move create account page to user join page\r\n\r\n* Update tests for user-join-page\r\n\r\n* Add delete account request action\r\n\r\n* Delete account request in AdminHomePageE2E test\r\n\r\n* Add GetAccountRequest action\r\n\r\n* Remove unnecessary calls to getAccountRequest\r\n\r\n* Fix failing component tests\r\n\r\n* Use instructorEmail instead of Email const\r\n\r\n* Fix minor bugs and cleanup\r\n\r\n* Remove trailing whitespace\r\n\r\n* Add placeholder skeleton to frontend\r\n\r\n* Update AccountRequest and DTO\r\n\r\n* Move registration url creation to accountRequest dto\r\n\r\n* Update createAccountAction to soft delete\r\n\r\n* Update component tests\r\n\r\n* Add endpoint to get account request status\r\n\r\n* Update user join page\r\n\r\n* Fix indentation\r\n\r\n* Update tests for user-join-page\r\n\r\n* Fix failing component tests\r\n\r\n* Fix typos\r\n\r\n* Fix typo which caused createdAt to be null\r\n\r\n* Fix broken component tests\r\n\r\n* Update exception to use specific exception type\r\n\r\n* Change Instant to Long in AccountRequestData.java\r\n\r\n* Refactor CreateAccountRequestActionTest to use getJoinLink method\r\n\r\n* Fix lint issues\r\n\r\n* Change getAccountRequest to throw exception\r\n\r\n* Remove unnecessary null check\r\n\r\n* Refactor user join page\r\n\r\n* Remove instructor from registration url\r\n\r\n* Remove instructor entity type from tests\r\n\r\n* Update sample data to be more realistic\r\n\r\n* Remove name and registration key update options\r\n\r\n* Fix architecture test violations\r\n\r\n* Seperate craete and update account request\r\n\r\n* Streamline API for join status\r\n\r\n* Minor bug fix\r\n\r\n* Remove account request status constant\r\n\r\n* Refactor get account request methods\r\n\r\n* Simplify condition\r\n\r\n* Fix typo\r\n\r\n* Remove else block\r\n\r\n* Create e2e test for account requests\r\n\r\n* Fix lint issues\r\n\r\n* Fix failing test\r\n\r\n* Remove now unnecessary comment\r\n\r\n* Revert unnecessary change\r\n\r\n* Remove outdated comment\r\n\r\n* Fix minor issues\r\n\r\n* Remove additional word\r\n\r\n* Replace boolean with string\r\n\r\n* Catch error when accountRequestAttributes is null\r\n\r\n* Remove entityType from join link\r\n\r\n* Use invalidKey variable\r\n\r\n* Remove name from update options\r\n\r\n* Handle case where accountRequestAttributes not found with assertions instead\r\n\r\n* Seperate try block in CreateAccountAction.java\r\n\r\n* Handle cases in CreateAccountAction where exceptions should not be thrown\r\n\r\n* Tweak comment language used to be consistent\r\n\r\n* Collapse catch blocks in CreateAccountAction.java\r\n\r\nCo-authored-by: Wilson Kurniawan \u003cwkurniawan.92@gmail.com\u003e","fileTypesAndContributionMap":{"java":{"insertions":1859,"deletions":89},"html":{"insertions":2,"deletions":2},"ts":{"insertions":215,"deletions":28}}}]},{"date":"2022-02-13","commitResults":[{"hash":"6454c30b2fab969e051041f7409f73e03c3b9e91","messageTitle":"[#11553] Make account requests searchable in admin search page (#11560)","messageBody":"","fileTypesAndContributionMap":{"java":{"insertions":801,"deletions":5},"html":{"insertions":56,"deletions":0},"ts":{"insertions":255,"deletions":14}}},{"hash":"39fba773479f3ec63eb369bf43e7c8cc2acbe1da","messageTitle":"[#8787] New instructors: set the time zone of the sample course to match user (#11557)","messageBody":"","fileTypesAndContributionMap":{"java":{"insertions":112,"deletions":11},"ts":{"insertions":26,"deletions":5}}}]},{"date":"2022-02-15","commitResults":[{"hash":"8d64ee94185c697192ddab113068f0e8b4b2f819","messageTitle":"[#9031] Allow adding of comment to MSQ questions (#11546)","messageBody":"* Allow adding of comment to MSQ questions\r\n\r\n* Fix typo in session-submission-page test\r\n\r\n* Fix some comments appearing in wrong column in downloaded csv file\r\n\r\n* Remove impossible test","fileTypesAndContributionMap":{"java":{"insertions":8,"deletions":6},"ts":{"insertions":23,"deletions":5}}},{"hash":"288d0ffb03796e495cf7f76a6d4695131ea7b7e4","messageTitle":"[#11540] Make maintainer logs interface scrollable (#11545)","messageBody":"* Allow maintainer logs output to scroll\r\n\r\n* Enlarge scrollable area\r\n\r\n* Replace css selectors with nested sass selectors","fileTypesAndContributionMap":{"scss":{"insertions":25,"deletions":1},"html":{"insertions":9,"deletions":7}}}]},{"date":"2022-03-11","commitResults":[{"hash":"29118a37396afc55750d06d360c456908e410fc2","messageTitle":"[#11433] Admin: Give a way to remove unregistered instructors and their data (#11582)","messageBody":"* Add delete account request function in account service\r\n\r\n* Add delete button for account request on admin search page\r\n\r\n* Add backend validation to prevent account request of registered instructor from being deleted\r\n\r\n* Add admin search page e2e tests for deletion of account request\r\n\r\n* Remove redundant hasInstructor attribute","fileTypesAndContributionMap":{"java":{"insertions":46,"deletions":9},"html":{"insertions":8,"deletions":2},"ts":{"insertions":105,"deletions":21}}}]},{"date":"2022-03-12","commitResults":[{"hash":"a3c4ba06b3b44df049ae17bb7888e7532af2237a","messageTitle":"[#11633] Remove overwritten text-break class (#11634)","messageBody":"","fileTypesAndContributionMap":{"scss":{"insertions":0,"deletions":9}}}]},{"date":"2022-03-27","commitResults":[{"hash":"63d20da17412d4be047f3c32e50ee25f2b3e681b","messageTitle":"[#11655] Devise a better way to handle duplicate account requests (#11657)","messageBody":"","fileTypesAndContributionMap":{"java":{"insertions":552,"deletions":24},"html":{"insertions":70,"deletions":0},"ts":{"insertions":529,"deletions":30}}}]},{"date":"2022-03-28","commitResults":[{"hash":"46f94399e1294adc5d17e8a5c3ba873ddd196c8a","messageTitle":"[#11674] Fix duplicate time picker option when 23:00 selection (#11677)","messageBody":"","fileTypesAndContributionMap":{"ts":{"insertions":1,"deletions":1}}}]},{"date":"2022-03-29","commitResults":[{"hash":"e1a19ac2d8f4ebceafdfca4319c3df4a02cb6e2c","messageTitle":"[#11673] Add ESLint rule for member delimiter style (#11675)","messageBody":"","tags":["V8.11.0"],"fileTypesAndContributionMap":{"ts":{"insertions":13,"deletions":12}}}]},{"date":"2022-03-31","commitResults":[{"hash":"7dfda8ba63070c0924eb397c98bae8008c00b30b","messageTitle":"[#11684] Fix minor typos (#11685)","messageBody":"* Fix minor typos\r\n\r\n* Remove unnecessary multi-byte characters","fileTypesAndContributionMap":{"java":{"insertions":9,"deletions":10},"md":{"insertions":3,"deletions":3},"ts":{"insertions":6,"deletions":6}}}]},{"date":"2022-04-03","commitResults":[{"hash":"53e2206dcb00e8d387024b8315f6781fd2bc62f7","messageTitle":"[#11693] Student submitting MCQ question: comments are not loading (#11699)","messageBody":"","tags":["V8.12.0"],"fileTypesAndContributionMap":{"ts":{"insertions":50,"deletions":11}}},{"hash":"5f6499dbe965191035374da7dabf0d3698317869","messageTitle":"[#11571] Selective Deadline Extensions - DeadlineExtension entity and sending of emails (#11602)","messageBody":"* Create deadline extension entity\n\n* Create deadline data transfer object\n\n* Create deadline extension repository layer\n\n* Create deadline extensions logic layer and test infrastructure\n\n* Add get and delete deadline extension actions\n\n* Refactor email generator to accept deadline extensions for closing emails\n\n* Update feedback session closing reminder actions to send emails for deadline extensions\n\n* Add email generator for deadline extension given/updated/revoked emails\n\n* Add deadline extension worker to handle updating of deadline extension entity\n\n* Add validity check for deadline extension deletion query\n\n* Terminate updateDeadlineExtensionsWithNewEmail early if no update necessary\n\n* Catch specific exceptions in FeedbackSessionsClosingRemindersAction\n\n* Replace explicit types with var\n\n* Replace descriptive name with abbreviation\n\n* Fix indentation in DeadlineExtensionsDbTest\n\n* Reorder statement for clarity\n\n* Replace descriptive name with abbreviation\n\n* Reorder statement for clarity\n\n* Rephrase comment\n\n* Add commented lines to indicate missing parameter\n\n* Fix lint issues\n\n* Revert add and get deadline extensions actions and remove related methods\n\n* Replace getInstantHoursOffsetFromNow with same method in TimeHelperExtension\n\n* Rename task queue worker endpoint\n\n* Set deadline extensions sentClosingEmail to false when endTime is specified\n\n* Standardize spacing\n\n* Update worker action to schedule emails only once\n\n* Update DeadlineExtensionsWorkerAction\n\n* Minor refactor\n","fileTypesAndContributionMap":{"java":{"insertions":3035,"deletions":25},"html":{"insertions":813,"deletions":0}}},{"hash":"89054338e600759d16f22a1762ad184af19c30f2","messageTitle":"[#11571] Verify deadline extensions are valid before sending closing emails (#11682)","messageBody":"","fileTypesAndContributionMap":{"java":{"insertions":120,"deletions":31}}},{"hash":"d2fdbbc58423dd3afe71c0b606ca050f91deeeec","messageTitle":"[#11571] Selective deadline extensions: remove deadline extension task queue worker (#11690)","messageBody":"* Remove deadline extension worker\n\n* Refactor\n","fileTypesAndContributionMap":{"java":{"insertions":307,"deletions":583}}}]}]},"authorFileTypeContributionMap":{"jayasting98":{"java":2834,"js":0,"scss":0,"md":0,"py":0,"tag":0,"html":39,"ts":662},"FergusMok":{"java":0,"js":0,"scss":4,"md":0,"py":0,"tag":0,"html":10,"ts":25},"samuelfangjw":{"java":6208,"js":0,"scss":25,"md":3,"py":0,"tag":0,"html":875,"ts":1140}},"authorContributionVariance":{"jayasting98":76036.484,"FergusMok":69.884674,"samuelfangjw":257336.88},"authorDisplayNameMap":{"jayasting98":"TEAMMATES//JAY ..TING","FergusMok":"TEAMMATES//MOK ..RGUS","samuelfangjw":"TEAMMATES//FANG..MUEL"}}
