{"authorDailyContributionsMap":{"jayasting98":[{"date":"2022-02-15","commitResults":[{"hash":"f347d6657482e8e264b6fb24d57369d9c3b71c08","messageTitle":"[#11548] Add edit functionality for admins adding new instructors (#11549)","messageBody":"","fileTypesAndContributionMap":{"scss":{"insertions":0,"deletions":0},"html":{"insertions":39,"deletions":18},"ts":{"insertions":610,"deletions":34}}}]},{"date":"2022-03-14","commitResults":[{"hash":"5b7971ff990e1773ec92927eabeaaa33b9454405","messageTitle":"[#11571] Selective Deadline Extensions - Get selective deadlines (#11606)","messageBody":"* Add extendedDeadlines map field to feedback sessions\r\n\r\n* Update tests for new extendedDeadlines field\r\n\r\n* Add extendedDeadlines map field to FeedbackSessionData\r\n\r\n* Add logic for extended deadlines for participants\r\n\r\n* Add tests for extended deadlines for participants\r\n\r\n* Add logic for extended deadlines for instructors\r\n\r\n* Add tests for extended deadlines for instructors\r\n\r\n* Combine similar methods that check feedback session state\r\n\r\n* Update front-end FeedbackSession instances\r\n\r\n* Rename extendedDeadlines to studentDeadlines\r\n\r\n* Update E2E test data\r\n\r\n* Add instructorDeadlines to feedback sessions\r\n\r\n* Update FeedbackSessionAttributesTest\r\n\r\n* Update data bundle files\r\n\r\n* Add instructorDeadlines to FeedbackSessionData\r\n\r\n* Update front-end FeedbackSession instances with instructorDeadlines\r\n\r\n* Update logic for deadlines\r\n\r\n* Update tests for getting deadlines\r\n\r\n* Populate some test data bundles with data\r\n\r\n* Handle possibly null deadline maps\r\n\r\n* Allow deadline maps to be updated\r\n\r\n* Add tests for updating deadline maps\r\n\r\n* Simplify unit tests in GetFeedbackSessionActionTest\r\n\r\n* Remove validity checks for deadline maps\r\n\r\n* Increase comment quality\r\n\r\n* Move deadline map filtering into FeedbackSessionData\r\n\r\n* Move deadline map filtering into FeedbackSessionData\r\n\r\n* Clean code\r\n\r\n* Change deadline logic to use deadline supplier\r\n\r\n* Add tests for sanitization methods and deadline initialization\r\n\r\n* Remove double switch-case blocks in GetFeedbackSessionAction","fileTypesAndContributionMap":{"java":{"insertions":1315,"deletions":23},"ts":{"insertions":76,"deletions":0}}}]},{"date":"2022-03-25","commitResults":[{"hash":"016e7d50cf120af739097b59be0a6a08a9fedaef","messageTitle":"[#11571] Selective Deadline Extensions - C_UD selective deadlines (#11649)","messageBody":"","fileTypesAndContributionMap":{"java":{"insertions":699,"deletions":13},"ts":{"insertions":8,"deletions":1}}}]},{"date":"2022-03-29","commitResults":[{"hash":"b5bd67efb5c93c2fdef815c5f38a08f7f53aa8fb","messageTitle":"[#11571] Selective Deadline Extensions - Integrate the backend (#11671)","messageBody":"","fileTypesAndContributionMap":{"java":{"insertions":61,"deletions":2}}}]}],"FergusMok":[{"date":"2022-02-12","commitResults":[{"hash":"bb36f4ac20e02cc2ad8225858e431a3896a2cd3c","messageTitle":"[#11152] Student update profile: profile image does not display correctly when certain formats are used  (#11550)","messageBody":"* Add validation for student profile picture file types\r\n\r\n* Add more user-friendly notice message\r\n\r\n* Change validProfileFileTypes to readonly\r\n\r\n* Fix linting problems","fileTypesAndContributionMap":{"html":{"insertions":6,"deletions":6},"ts":{"insertions":11,"deletions":2}}}]},{"date":"2022-03-11","commitResults":[{"hash":"2763068a02e18d776000b8d27ac8c8a9792b1cba","messageTitle":"[#10843] Instructor viewing results: incorrect state shown briefly when expanding the non-submitters panel (#11595)","messageBody":"","fileTypesAndContributionMap":{"html":{"insertions":43,"deletions":40},"ts":{"insertions":5,"deletions":1}}}]}],"samuelfangjw":[{"date":"2022-02-05","commitResults":[{"hash":"30ac04ef07347f29d1ee5b6a89fd779bacc1cde7","messageTitle":"[#11371] Instructor sample data: defer until instructor joins (#11396)","messageBody":"* Defer creation of sample data until after instructor joins\r\n\r\n* Fix deleteAccountRequest\r\n\r\n* Add loading spinner to create-account-page\r\n\r\n* Add check for whether user already has account\r\n\r\n* Update frontend tests\r\n\r\n* Add component tests\r\n\r\n* Add tests for AccountRequestAttributes\r\n\r\n* Add component tests for create account actions\r\n\r\n* Fix frontend lint errors\r\n\r\n* Fix backend lint errors\r\n\r\n* Fix e2e tests\r\n\r\n* Add account requests to data bundle\r\n\r\n* Update account  requests logic test\r\n\r\n* Add e2e Tests\r\n\r\n* Fix page not redirecting to login\r\n\r\n* Fix lint errors\r\n\r\n* Fix linting issues\r\n\r\n* Change id of AccountRequest to use both email and institute\r\n\r\n* Move create account page to user join page\r\n\r\n* Update tests for user-join-page\r\n\r\n* Add delete account request action\r\n\r\n* Delete account request in AdminHomePageE2E test\r\n\r\n* Add GetAccountRequest action\r\n\r\n* Remove unnecessary calls to getAccountRequest\r\n\r\n* Fix failing component tests\r\n\r\n* Use instructorEmail instead of Email const\r\n\r\n* Fix minor bugs and cleanup\r\n\r\n* Remove trailing whitespace\r\n\r\n* Add placeholder skeleton to frontend\r\n\r\n* Update AccountRequest and DTO\r\n\r\n* Move registration url creation to accountRequest dto\r\n\r\n* Update createAccountAction to soft delete\r\n\r\n* Update component tests\r\n\r\n* Add endpoint to get account request status\r\n\r\n* Update user join page\r\n\r\n* Fix indentation\r\n\r\n* Update tests for user-join-page\r\n\r\n* Fix failing component tests\r\n\r\n* Fix typos\r\n\r\n* Fix typo which caused createdAt to be null\r\n\r\n* Fix broken component tests\r\n\r\n* Update exception to use specific exception type\r\n\r\n* Change Instant to Long in AccountRequestData.java\r\n\r\n* Refactor CreateAccountRequestActionTest to use getJoinLink method\r\n\r\n* Fix lint issues\r\n\r\n* Change getAccountRequest to throw exception\r\n\r\n* Remove unnecessary null check\r\n\r\n* Refactor user join page\r\n\r\n* Remove instructor from registration url\r\n\r\n* Remove instructor entity type from tests\r\n\r\n* Update sample data to be more realistic\r\n\r\n* Remove name and registration key update options\r\n\r\n* Fix architecture test violations\r\n\r\n* Seperate craete and update account request\r\n\r\n* Streamline API for join status\r\n\r\n* Minor bug fix\r\n\r\n* Remove account request status constant\r\n\r\n* Refactor get account request methods\r\n\r\n* Simplify condition\r\n\r\n* Fix typo\r\n\r\n* Remove else block\r\n\r\n* Create e2e test for account requests\r\n\r\n* Fix lint issues\r\n\r\n* Fix failing test\r\n\r\n* Remove now unnecessary comment\r\n\r\n* Revert unnecessary change\r\n\r\n* Remove outdated comment\r\n\r\n* Fix minor issues\r\n\r\n* Remove additional word\r\n\r\n* Replace boolean with string\r\n\r\n* Catch error when accountRequestAttributes is null\r\n\r\n* Remove entityType from join link\r\n\r\n* Use invalidKey variable\r\n\r\n* Remove name from update options\r\n\r\n* Handle case where accountRequestAttributes not found with assertions instead\r\n\r\n* Seperate try block in CreateAccountAction.java\r\n\r\n* Handle cases in CreateAccountAction where exceptions should not be thrown\r\n\r\n* Tweak comment language used to be consistent\r\n\r\n* Collapse catch blocks in CreateAccountAction.java\r\n\r\nCo-authored-by: Wilson Kurniawan \u003cwkurniawan.92@gmail.com\u003e","fileTypesAndContributionMap":{"java":{"insertions":1859,"deletions":89},"html":{"insertions":2,"deletions":2},"ts":{"insertions":215,"deletions":28}}}]},{"date":"2022-02-13","commitResults":[{"hash":"6454c30b2fab969e051041f7409f73e03c3b9e91","messageTitle":"[#11553] Make account requests searchable in admin search page (#11560)","messageBody":"","fileTypesAndContributionMap":{"java":{"insertions":801,"deletions":5},"html":{"insertions":56,"deletions":0},"ts":{"insertions":255,"deletions":14}}},{"hash":"39fba773479f3ec63eb369bf43e7c8cc2acbe1da","messageTitle":"[#8787] New instructors: set the time zone of the sample course to match user (#11557)","messageBody":"","fileTypesAndContributionMap":{"java":{"insertions":112,"deletions":11},"ts":{"insertions":26,"deletions":5}}}]},{"date":"2022-02-15","commitResults":[{"hash":"8d64ee94185c697192ddab113068f0e8b4b2f819","messageTitle":"[#9031] Allow adding of comment to MSQ questions (#11546)","messageBody":"* Allow adding of comment to MSQ questions\r\n\r\n* Fix typo in session-submission-page test\r\n\r\n* Fix some comments appearing in wrong column in downloaded csv file\r\n\r\n* Remove impossible test","fileTypesAndContributionMap":{"java":{"insertions":8,"deletions":6},"ts":{"insertions":23,"deletions":5}}},{"hash":"288d0ffb03796e495cf7f76a6d4695131ea7b7e4","messageTitle":"[#11540] Make maintainer logs interface scrollable (#11545)","messageBody":"* Allow maintainer logs output to scroll\r\n\r\n* Enlarge scrollable area\r\n\r\n* Replace css selectors with nested sass selectors","fileTypesAndContributionMap":{"scss":{"insertions":25,"deletions":1},"html":{"insertions":9,"deletions":7}}}]},{"date":"2022-03-25","commitResults":[{"hash":"89e200101ef71805679b873eaa69e3d638d4fc8c","messageTitle":"[#11571] Selective Deadline Extensions - DeadlineExtension entity and sending of emails (#11602)","messageBody":"* Create deadline extension entity\r\n\r\n* Create deadline data transfer object\r\n\r\n* Create deadline extension repository layer\r\n\r\n* Create deadline extensions logic layer and test infrastructure\r\n\r\n* Add get and delete deadline extension actions\r\n\r\n* Refactor email generator to accept deadline extensions for closing emails\r\n\r\n* Update feedback session closing reminder actions to send emails for deadline extensions\r\n\r\n* Add email generator for deadline extension given/updated/revoked emails\r\n\r\n* Add deadline extension worker to handle updating of deadline extension entity\r\n\r\n* Add validity check for deadline extension deletion query\r\n\r\n* Terminate updateDeadlineExtensionsWithNewEmail early if no update necessary\r\n\r\n* Catch specific exceptions in FeedbackSessionsClosingRemindersAction\r\n\r\n* Replace explicit types with var\r\n\r\n* Replace descriptive name with abbreviation\r\n\r\n* Fix indentation in DeadlineExtensionsDbTest\r\n\r\n* Reorder statement for clarity\r\n\r\n* Replace descriptive name with abbreviation\r\n\r\n* Reorder statement for clarity\r\n\r\n* Rephrase comment\r\n\r\n* Add commented lines to indicate missing parameter\r\n\r\n* Fix lint issues\r\n\r\n* Revert add and get deadline extensions actions and remove related methods\r\n\r\n* Replace getInstantHoursOffsetFromNow with same method in TimeHelperExtension\r\n\r\n* Rename task queue worker endpoint\r\n\r\n* Set deadline extensions sentClosingEmail to false when endTime is specified\r\n\r\n* Standardize spacing\r\n\r\n* Update worker action to schedule emails only once\r\n\r\n* Update DeadlineExtensionsWorkerAction\r\n\r\n* Minor refactor","fileTypesAndContributionMap":{"java":{"insertions":3035,"deletions":25},"html":{"insertions":813,"deletions":0}}}]}]},"authorFileTypeContributionMap":{"jayasting98":{"java":2072,"js":0,"scss":0,"md":0,"py":0,"tag":0,"html":39,"ts":663},"FergusMok":{"java":0,"js":0,"scss":0,"md":0,"py":0,"tag":0,"html":8,"ts":16},"samuelfangjw":{"java":5776,"js":0,"scss":25,"md":0,"py":0,"tag":0,"html":799,"ts":460}},"authorContributionVariance":{"jayasting98":24739.36,"FergusMok":70.89743,"samuelfangjw":176568.44},"authorDisplayNameMap":{"jayasting98":"TEAMMATES//JAY ..TING","FergusMok":"TEAMMATES//MOK ..RGUS","samuelfangjw":"TEAMMATES//FANG..MUEL"}}
