{"authorDailyContributionsMap":{"chan-j-d":[],"kaixin-hc":[{"date":"2021-12-18","commitResults":[{"hash":"b95270b24d9e864093302864fb7d487f1d823e74","messageTitle":"Update highlightjs method call syntax for inline code (#1691)","messageBody":"","fileTypesAndContributionMap":{"js":{"insertions":1,"deletions":1}}}]},{"date":"2021-12-19","commitResults":[{"hash":"32c383a56e2e8abdbccafd78d08b046d59a3f9da","messageTitle":"Fix footer margin on medium viewports (#1692)","messageBody":"","fileTypesAndContributionMap":{"css":{"insertions":0,"deletions":24}}}]},{"date":"2021-12-27","commitResults":[{"hash":"7e239f4398c02f73df0ceb7d2e0ed3b95a79d094","messageTitle":"Update projectStructure.md (#1695)","messageBody":"","fileTypesAndContributionMap":{"md":{"insertions":14,"deletions":11}}}]},{"date":"2022-02-08","commitResults":[{"hash":"40bb7a542a8ba3c6e2751ad74bef7767330fb3f0","messageTitle":"Enhance appearance of minimised panels (#1694)","messageBody":"* Add caret icon (as most minimised panels tend to use a caret icon to\r\nshow that it is a clickable button\r\n\r\n* Add top margin (as expanded cards also have a top margin but not a\r\nbottom margin, top margin was chosen. This is to prevent ugly cluttering)","fileTypesAndContributionMap":{"mbdf":{"insertions":4,"deletions":1},"vue":{"insertions":37,"deletions":16},"js":{"insertions":4,"deletions":0}}}]},{"date":"2022-02-28","commitResults":[{"hash":"0e775d559b9c8853b21a10b557c47a4fabff25f8","messageTitle":"Optimise search input size (#1760)","messageBody":"","fileTypesAndContributionMap":{"vue":{"insertions":6,"deletions":0}}},{"hash":"f10858fd68c15646f34c49b0ff161e73fce2f8de","messageTitle":"Improve deployment documentation (site.json + deployment files) (#1789)","messageBody":"* Minor documentation improvements for consistency\r\n* Also changes panels from minimal to seamless for user convenience\r\n* Adds page navigation to siteJsonFile due to the length of the page,\r\nthis also serves as a helpful summary.\r\n","fileTypesAndContributionMap":{"md":{"insertions":29,"deletions":18}}}]},{"date":"2022-03-08","commitResults":[{"hash":"3238f4351ee5acad68873ed08c5f9fce12e18e0e","messageTitle":"Docs: Remove index.md files from being searched (#1805)","messageBody":"","fileTypesAndContributionMap":{"json":{"insertions":5,"deletions":2}}}]},{"date":"2022-03-15","commitResults":[{"hash":"54979024fba9efea4cbdeb243dd30a0567291eb9","messageTitle":"Changes \u0027Markbind\u0027 to \u0027MarkBind\u0027 in documentation and comments (#1828)","messageBody":"","fileTypesAndContributionMap":{"md":{"insertions":43,"deletions":43},"js":{"insertions":39,"deletions":39},"json":{"insertions":3,"deletions":3}}}]},{"date":"2022-03-19","commitResults":[{"hash":"23d2e0e1ea839578242a381bb226058fa93475d3","messageTitle":"Improve devguide to follow style guide (#1829)","messageBody":"Also correct typos, broken links, and add documentation for\r\nmarkbind init template flag","fileTypesAndContributionMap":{"md":{"insertions":131,"deletions":111}}}]},{"date":"2022-03-20","commitResults":[{"hash":"d0c5eb5f5ed7bec419d8dff07d8ca156597743e7","messageTitle":"Improve default title for search by removing file format ending (#1826)","messageBody":"","fileTypesAndContributionMap":{"vue":{"insertions":1,"deletions":1}}}]}],"zhaojj2209":[],"chunweii":[],"yhtMinceraft1010X":[],"ziqing26":[],"jayasting98":[],"gycgabriel":[],"Nicolascwy":[],"samuelfangjw":[],"luminousleek":[],"Zhou-Jiahao-1998":[],"ong6":[{"date":"2022-01-14","commitResults":[{"hash":"44ba560df3021bd471552bd2155dfab18f6893d6","messageTitle":"Fix missing images from plugin page (#1711)","messageBody":"","fileTypesAndContributionMap":{"mbdf":{"insertions":0,"deletions":2}}}]},{"date":"2022-01-20","commitResults":[{"hash":"a539e2af9b0f7aaac1aabe7b77db392c4b13179e","messageTitle":"Add relative links to template file (#1728)","messageBody":"","fileTypesAndContributionMap":{"njk":{"insertions":5,"deletions":5}}}]},{"date":"2022-02-01","commitResults":[{"hash":"ab66b062fa60d1712a94b65a04726acca594c0e0","messageTitle":"Hotfix for appveyor npm upgrade (#1747)","messageBody":"","fileTypesAndContributionMap":{"yml":{"insertions":1,"deletions":1}}}]},{"date":"2022-02-02","commitResults":[{"hash":"580c045a4aacefaca91d934728afbe49b5989141","messageTitle":"Resolve bug regarding backslashes in convert feature (#1742)","messageBody":"","fileTypesAndContributionMap":{"js":{"insertions":1,"deletions":1}}},{"hash":"ea61d819738087c41f232e441e08f66df494afb8","messageTitle":"Fix convert command generating extra newline (#1746)","messageBody":"","fileTypesAndContributionMap":{"css":{"insertions":595,"deletions":0},"md":{"insertions":25,"deletions":0},"js":{"insertions":173,"deletions":2},"json":{"insertions":96,"deletions":0}}}]},{"date":"2022-02-16","commitResults":[{"hash":"0554edafcabb57c2b16a6a86a5d26e03052857b3","messageTitle":"Remove `.mbdf` and `.mbd` as markbind supported file extensions (#1762)","messageBody":"Syntax parsers do not work with `.mbdf` and `.mbd` and\r\nthis functionality could be implemented using other means (e.g. pagesExclude)\r\n\r\nRefer to this for the full discussion #1672.","fileTypesAndContributionMap":{"mbdf":{"insertions":0,"deletions":37},"md":{"insertions":135,"deletions":84},"json":{"insertions":11,"deletions":24},"js":{"insertions":20,"deletions":49},"mbd":{"insertions":0,"deletions":14}}}]},{"date":"2022-03-10","commitResults":[{"hash":"28c50972f3b8f88de50a6dd40d2923cdc6ba1fc5","messageTitle":"Improve SettingUp documentation (#1795)","messageBody":"","fileTypesAndContributionMap":{"md":{"insertions":31,"deletions":10}}}]}],"fsgmhoward":[],"tlylt":[{"date":"2022-01-10","commitResults":[{"hash":"6163cf075dc5cea8417eabdb315578c58948238a","messageTitle":"Pin colorsjs at version 1.4.0 (#1705)","messageBody":"","fileTypesAndContributionMap":{"json":{"insertions":1,"deletions":0}}}]},{"date":"2022-01-14","commitResults":[{"hash":"ead698c12244b475bb34a1972b7764dffa559751","messageTitle":"Update markdown-it version and relevant patches (#1701)","messageBody":"A minor bug in markdown-it-attrs prevents the addition\r\nof multiple classes for the hr elements. Its latest version\r\nfixes the issue.\r\n\r\nLet\u0027s update the version of the plugin and the core\r\nmarkdown-it package to fix the above-mentioned bug.","fileTypesAndContributionMap":{"json":{"insertions":2,"deletions":2},"js":{"insertions":2,"deletions":1}}}]},{"date":"2022-01-15","commitResults":[{"hash":"ed2f323325b1005ce9f578bd94a4227bfdf73d92","messageTitle":"Give easy ways to add different types of horizontal lines (#1685)","messageBody":"No convenient syntax is available to style the hr element.\r\n\r\nLet\u0027s add some helper classes for the hr element to\r\nimprove its style.\r\n\r\nUsers may use a combination of the available classes and\r\nBootStrap border-color classes to customize the look of\r\nthe hr element.","fileTypesAndContributionMap":{"css":{"insertions":33,"deletions":0},"mbdf":{"insertions":80,"deletions":0},"md":{"insertions":25,"deletions":0},"json":{"insertions":13,"deletions":1},"js":{"insertions":19,"deletions":0}}}]},{"date":"2022-01-19","commitResults":[{"hash":"7c0b6862fc06bcab85ad5c84696c12bc37da8182","messageTitle":"Fix PageNav raw variable interpolation syntax display (#1724)","messageBody":"The raw variable interpolation syntax can be displayed\r\nby wrapping it with {% raw %} {% endraw %}. Even though\r\nthe {{ content }} is showing up correctly in the main page,\r\nthe generated PageNav text retains {{}} and causes vue\r\nto incorrectly hide it due to rendering error.\r\n\r\nLet\u0027s add a v-pre attribute whenever there is {{}} in\r\nthe navigation text.\r\n\r\nThis will allow content wrapped {{}} to display in PageNav.","fileTypesAndContributionMap":{"md":{"insertions":18,"deletions":0},"json":{"insertions":10,"deletions":0},"js":{"insertions":26,"deletions":2}}}]},{"date":"2022-01-22","commitResults":[{"hash":"55ae7e1f032d635332301d9caead433c35a0041a","messageTitle":"Add documentation on indentation support for components (#1719)","messageBody":"Users may need to indent components to align with nearby\r\ncontent.\r\n\r\nLet\u0027s add in a section in \u0027tips and tricks\u0027 to show examples\r\nof how to indent components with bootstrap utility classes.","fileTypesAndContributionMap":{"md":{"insertions":81,"deletions":1}}},{"hash":"2ea3108063157f2a9b378b77a74c11714ec03135","messageTitle":"Add v-pre to all anchor elements in pageNav (#1732)","messageBody":"v-pre is added to anchor elements of pageNav on a need basis\r\nto escape raw {} syntax.\r\n\r\nLet\u0027s instead add v-pre to all pageNav anchor elements to\r\nkeep it simple and performant.","fileTypesAndContributionMap":{"md":{"insertions":14,"deletions":0},"js":{"insertions":9,"deletions":11}}}]},{"date":"2022-02-03","commitResults":[{"hash":"d209c17e8425c8bc01e24d9b334db4081091b646","messageTitle":"Adjust line numbers setting for code blocks (#1734)","messageBody":"Line numbers are provided by default and there is no way\r\nto override it globally.\r\n\r\nLet\u0027s include a codeLineNumbers option in site.json to\r\nenable a global configuration of line numbers. Line numbers\r\nare also now hidden by default.\r\n\r\nThis is more convenient for authors as line numbers tend to\r\nbe hidden manually in practice. This is also consistent with other\r\nmarkdown renderers.","fileTypesAndContributionMap":{"css":{"insertions":2,"deletions":2},"mbdf":{"insertions":35,"deletions":11},"md":{"insertions":47,"deletions":29},"js":{"insertions":76,"deletions":30},"json":{"insertions":3,"deletions":0}}}]},{"date":"2022-02-06","commitResults":[{"hash":"cd5b6724805bf0036da95574500dffb3b654c0f2","messageTitle":"Fix docs formatting and typo (#1750)","messageBody":"","fileTypesAndContributionMap":{"mbdf":{"insertions":8,"deletions":11},"md":{"insertions":2,"deletions":2}}}]},{"date":"2022-02-09","commitResults":[{"hash":"1a9825429f97ba9298e4ad6077c3d9a3ec637fbe","messageTitle":"Update CI to test on all major OS and remove Appveyor (#1757)","messageBody":"Currently, we are using GitHub actions and Appveyor to\r\nrun tests for PRs.\r\n\r\nLet\u0027s remove the use of Appveyor and consolidate CI tests\r\nin GitHub actions. Let\u0027s also update the setup-node action\r\nversion.","fileTypesAndContributionMap":{"yml":{"insertions":8,"deletions":22}}}]},{"date":"2022-02-13","commitResults":[{"hash":"2dd7ab11ccea339a6abf8f638e56370dc60f9312","messageTitle":"Move docs deployment from Travis CI to GitHub Actions (#1759)","messageBody":"There is a change to Travis\u0027 pricing model.\r\n\r\nLet\u0027s move docs deployment into GitHub Actions and remove\r\nthe usage of Travis from our CI processes.\r\n\r\nThis will potentially remove any costs incurred when using Travis.","fileTypesAndContributionMap":{"md":{"insertions":4,"deletions":6},"yml":{"insertions":24,"deletions":38},"json":{"insertions":4,"deletions":0}}},{"hash":"0519fdd231eb94a185ae4674ea42271cd851b089","messageTitle":"Disabling deploy-docs on forks to fix CI errors (#1765)","messageBody":"","fileTypesAndContributionMap":{"yml":{"insertions":2,"deletions":1}}}]},{"date":"2022-02-20","commitResults":[{"hash":"545115fd4473663b1f77f6f827dab8cfc6c9edbe","messageTitle":"Disable fuzzy link and mention autolink feature in UG (#1779)","messageBody":"","fileTypesAndContributionMap":{"md":{"insertions":57,"deletions":0},"js":{"insertions":22,"deletions":1},"json":{"insertions":12,"deletions":0}}}]},{"date":"2022-02-23","commitResults":[{"hash":"505cdad028338e4bc2d2006bd5dca240a4e7f82a","messageTitle":"Add badges to README.md (#1785)","messageBody":"Add badges to README.md","fileTypesAndContributionMap":{"md":{"insertions":2,"deletions":0}}}]},{"date":"2022-02-26","commitResults":[{"hash":"399dd15bffe5aa836e537e33c0a4614f3e716754","messageTitle":"Fix tipBox content overflow (#1787)","messageBody":"Fix tipBox content overflow with min-width","fileTypesAndContributionMap":{"vue":{"insertions":1,"deletions":0}}}]},{"date":"2022-03-06","commitResults":[{"hash":"0b85b6bffb8cc6961524fce72232adddd3c593da","messageTitle":"Update workflow and project structure of devGuide (#1786)","messageBody":"","fileTypesAndContributionMap":{"md":{"insertions":39,"deletions":5}}}]},{"date":"2022-03-15","commitResults":[{"hash":"0f789ba002c979decdfaf33ee727677b5358b52f","messageTitle":"Cancel workflow runs when multiple commits are synchronized to a PR (#1821)","messageBody":"","fileTypesAndContributionMap":{"yml":{"insertions":5,"deletions":0}}},{"hash":"af6592ec889bdde95e188ef67bcb572d512b50d4","messageTitle":"Support `$$` as a delimiter for math formulae (#1824)","messageBody":"Current delimiters for math formulae do not allow authors\r\nwho are using dollars(`$$`) for their equations to adopt\r\nMarkBind easily.\r\n\r\nLet\u0027s add an optional plugin that can add `$$` as additional\r\ndelimiters for authors who have content with this syntax.\r\n\r\nSince not all authors use MarkBind with math formulae, an\r\noptional plugin can prevent any accidental performance\r\nissues.","fileTypesAndContributionMap":{"md":{"insertions":84,"deletions":1},"json":{"insertions":16,"deletions":1},"js":{"insertions":21,"deletions":0}}}]},{"date":"2022-03-16","commitResults":[{"hash":"3d8495a5a215b352b1a46b7772c11be62676372c","messageTitle":"Add component for folder structure visualisations (#1807)","messageBody":"It is tedious to manually create tree-like structure diagrams.\r\n\r\nLet\u0027s add a component to conveniently convert\r\nan indented list of items into tree-like textual output.\r\n\r\nThis is especially useful for file system visualisations.","fileTypesAndContributionMap":{"css":{"insertions":56,"deletions":0},"md":{"insertions":272,"deletions":59},"json":{"insertions":21,"deletions":4},"js":{"insertions":243,"deletions":0}}}]},{"date":"2022-03-23","commitResults":[{"hash":"abcf65689aba43cf684d9ff30f9a50bb39705f04","messageTitle":"Ensure the referenced versions of MarkBind packages are exact (#1848)","messageBody":"The use of range versions for internal packages results in\r\nincorrect versioning of MarkBind packages when using an\r\nolder version of MarkBind.\r\n\r\nLet\u0027s remove the compatible versioning and use the exact match.\r\n\r\nThis ensures the versions of internal packages downloaded\r\nwill be exact and provide the expected functionalities.","fileTypesAndContributionMap":{"md":{"insertions":4,"deletions":3},"json":{"insertions":4,"deletions":4}}}]},{"date":"2022-03-24","commitResults":[{"hash":"0e37eafb0e83d08916989206fb30f72ab5b86a8b","messageTitle":"Fix unexpected behavior in UG due to invalid HTML markup (#1837)","messageBody":"Invalid HTML markup may cause Vue hydration issues.\r\n\r\nLet\u0027s replace span tags with div tags to avoid invalid\r\ninclusion of block-level elements in span tags.\r\n\r\nThis prevents possible errors in HTML syntax.","fileTypesAndContributionMap":{"md":{"insertions":315,"deletions":249}}}]},{"date":"2022-03-30","commitResults":[{"hash":"09e5160ceb8b824a30ddc89065bf9daacd145045","messageTitle":"Improve existing GitHub issue templates (#1860)","messageBody":"* Update issue template\r\n\r\n* Fix issues\r\n\r\n* Fix typo\r\n\r\n* Update title\r\n\r\n* Update fields\r\n\r\n* Update template\r\n\r\n* remove placeholder\r\n\r\n* Remove title\r\n\r\n* Adjust template","fileTypesAndContributionMap":{"md":{"insertions":0,"deletions":71},"yml":{"insertions":153,"deletions":0}}}]},{"date":"2022-04-05","commitResults":[{"hash":"7673e663933e807c3ca3f2b2afa164b031099a78","messageTitle":"Update documentation on MarkBind GitHub Actions (#1880)","messageBody":"The existing GitHub Action \"markbind-action\" has been\r\nrevamped to improve its functionalities.\r\n\r\nLet\u0027s add a reference to \"markbind-action\" in our\r\nuser guide to highlight this helper workflow. Let\u0027s also\r\ninclude a section in our developer guide to explain how\r\nto develop and maintain the \"markbind-action\" repo.\r\n\r\nThis helps users discover \"markbind-action\" and use it in\r\ntheir CI/CD workflow. The dev docs will help developers\r\ncontinue to improve \"markbind-action\"","fileTypesAndContributionMap":{"md":{"insertions":96,"deletions":0}}},{"hash":"4f060c6770bc278666fb04316a615b4db7047ca1","messageTitle":"Update CI to run on all PR events (#1878)","messageBody":"","fileTypesAndContributionMap":{"yml":{"insertions":0,"deletions":2}}}]},{"date":"2022-04-06","commitResults":[{"hash":"f14ea43ba06f45b936b30c3fa5f97de7eb764d11","messageTitle":"Fix edge cases of link validation and conversion (#1875)","messageBody":"Invalid intralinks have been reported in MarkBind docs. The\r\nreasons are 1. actual invalid link 2. file path contains a space\r\n3. Email link wrongly validated.\r\n\r\nLet\u0027s fix all three link validation \u0026 conversion errors.\r\nFile paths with %20 will be correctly checked for\r\nexistence. Email(tel) links will no longer be appended\r\nwith the base URL or validated as intralink.\r\n\r\nThe removal of invalid link behavior will allow\r\nthe link \u0026 link validation mechanism to function\r\nproperly.","fileTypesAndContributionMap":{"md":{"insertions":1,"deletions":1},"js":{"insertions":82,"deletions":5}}}]},{"date":"2022-04-07","commitResults":[{"hash":"7608553843e9e421354424a444b297cf9bd8835b","messageTitle":"Add an explanation on how to use JavaScript chart libraries (#1872)","messageBody":"Charts can be useful in MarkBind sites to display data.\r\n\r\nLet\u0027s include a section in our UG to highlight the existing\r\n(basic) support for JavaScript chart libraries in MarkBind.\r\n\r\nThis is the most flexible option that MarkBind users can\r\ngo for to utilize a JavaScript chart library of their choice.","fileTypesAndContributionMap":{"md":{"insertions":87,"deletions":0}}}]},{"date":"2022-04-09","commitResults":[{"hash":"950b4225fb75a63d55f7cc259a543ccce2234f10","messageTitle":"Fix UG display issues when using the outputBox boilerplate (#1889)","messageBody":"","fileTypesAndContributionMap":{"md":{"insertions":24,"deletions":25}}}]},{"date":"2022-04-12","commitResults":[{"hash":"9d1dcdd377d28b8ce54456a4fb023dce50f8082b","messageTitle":"Update GitHub issue template checkbox to dropdown (#1897)","messageBody":"","fileTypesAndContributionMap":{"yml":{"insertions":14,"deletions":8}}}]},{"date":"2022-04-15","commitResults":[{"hash":"30e36375478431dab25757511a80711e7f259d62","messageTitle":"Update CI steps to set up Graphviz and Java for PlantUML support (#1905)","messageBody":"PlantUML feature requires both Java and Graphviz to be installed.\r\nCurrent CI steps do not guarantee the presence of these\r\ndependencies. This means some PlantUML diagrams were\r\nunable to be generated correctly.\r\n\r\nLet\u0027s update our CI steps to ensure both Java and Graphviz are\r\navailable in the build image to support PlantUML syntax.\r\n\r\nThis will ensure usage of PlantUML syntax can be supported in\r\nour tests and our documentation.","fileTypesAndContributionMap":{"yml":{"insertions":14,"deletions":0}}}]},{"date":"2022-04-17","commitResults":[{"hash":"cac6027d388063c100862eba23938ea4ca6c2e74","messageTitle":"Remove package-lock file in packages/core (#1908)","messageBody":"","fileTypesAndContributionMap":{"json":{"insertions":0,"deletions":13084}}}]}],"gok99":[],"FergusMok":[],"jovyntls":[{"date":"2022-01-12","commitResults":[{"hash":"c968438c0e4fa5c724323b5a21a7c954779989c4","messageTitle":"Add margin above code block headers (#1706)","messageBody":"","fileTypesAndContributionMap":{"css":{"insertions":1,"deletions":0}}}]},{"date":"2022-01-19","commitResults":[{"hash":"c4020242b47f5c5f785708a3cdc13bb4577a12c9","messageTitle":"Deprecate attributes for Dropdown, Box, Popover, Modal (#1722)","messageBody":"","fileTypesAndContributionMap":{"mbdf":{"insertions":4,"deletions":4},"js":{"insertions":3,"deletions":164}}}]},{"date":"2022-02-11","commitResults":[{"hash":"b19129226b9fbaa09fc6e5bddcbf080067fcd9df","messageTitle":"Fix typo in docs for Tooltips (#1758)","messageBody":"Fix typo in docs for tooltips","fileTypesAndContributionMap":{"mbdf":{"insertions":4,"deletions":4}}}]},{"date":"2022-02-13","commitResults":[{"hash":"6251e14f07b86c05dc6ebec13f4600d7d1e8012e","messageTitle":"Allow reactivity in popovers and tooltips (#1748)","messageBody":"Currently, popovers and tooltips are implemented using bootstrap-vue \r\ndirectives. \r\n\r\nSuch an implementation is not reactive which limits the content that \r\ncan be used in a popover/tooltip. Reactivity is important for future \r\nenhancements like supporting the src attribute (#59). Furthermore, it \r\nis incompatible with SSR, resulting in hydration problems that have \r\narisen in #1615.\r\n\r\nUsing Vue components for tooltips and popovers, and Portals for \r\ntriggers, allows us to avoid the issues with reactivity and SSR. \r\n\r\nLet\u0027s use components instead of bootstrap-vue directives to implement \r\npopovers and tooltips. This gives better support of reactivity while \r\navoiding SSR issues.","fileTypesAndContributionMap":{"css":{"insertions":1,"deletions":6},"mbdf":{"insertions":2,"deletions":2},"vue":{"insertions":165,"deletions":43},"js":{"insertions":21,"deletions":135}}}]},{"date":"2022-02-21","commitResults":[{"hash":"3343ab69adb1a8127142eb084730232b197e3a03","messageTitle":"Update outdated information in docs  (#1777)","messageBody":"Currently, the effect attribute is not implemented in popovers and \r\ntooltips, which means that using this attribute has no effect. \r\nHowever, the effect attribute is currently included in the examples \r\nfor popovers. This may be confusing for readers. \r\n\r\nLet\u0027s remove all occurrences of the effect attribute from the docs \r\nin places where it has no effect. This will prevent readers from \r\nmistaking it as a valid attribute. \r\n\r\nOther minor grammatical errors were fixed as well.","fileTypesAndContributionMap":{"md":{"insertions":33,"deletions":45}}},{"hash":"a6512dcaec75c19987b986aa4cef9a79d61c0470","messageTitle":"Remove unused effect attribute from tests (#1783)","messageBody":"Currently, the effect attribute is not implemented for both popovers \r\nand tooltips. However, it is included in some of the tests for these \r\ncomponents. This may be confusing and clutter the codebase. \r\n\r\nLet\u0027s remove the effect attribute from these tests, to avoid confusion \r\non whether or not this is a valid attribute.","fileTypesAndContributionMap":{"md":{"insertions":3,"deletions":3},"js":{"insertions":2,"deletions":2}}}]},{"date":"2022-03-10","commitResults":[{"hash":"d30db7f55f7ca5804139fec4e705ba3b8b7250d9","messageTitle":"Implement src attribute for popovers (#1780)","messageBody":"Content can be supplied to popovers through either the content slot, or\r\ncontent attribute.\r\n\r\nManually providing popover contents may be inconvenient if an author\r\nwants to reference content from elsewhere on the site. \r\n\r\nLet\u0027s implement the src attribute for popovers, so that authors can\r\nreference content from source files. This is more convenient for\r\nauthors, while helping to ensure consistency in website contents.\r\n\r\nUsing the src attribute maintains consistency with other components such\r\nas Panels and Includes, which also use src.\r\n\r\nThe src attribute was implemented with a static approach to avoid\r\npotential positioning issues. In the case that multiple contents are\r\nsupplied, the following priority is used: content slot \u003e content\r\nattribute \u003e src attribute.","fileTypesAndContributionMap":{"md":{"insertions":145,"deletions":8},"json":{"insertions":15,"deletions":0},"js":{"insertions":180,"deletions":8}}}]},{"date":"2022-03-18","commitResults":[{"hash":"13f1f873e4e4f4a688cb33a9e95d2c3d43b72952","messageTitle":"Update docs for pop-ups (#1832)","messageBody":"","fileTypesAndContributionMap":{"md":{"insertions":20,"deletions":14}}}]},{"date":"2022-03-19","commitResults":[{"hash":"bd7fd172a798c47eb791f338d207d6163a3f7583","messageTitle":"Improve accessibility of pop-ups (#1833)","messageBody":"According to the bootstrap-vue docs, the default value of `hover` for\r\npopups is impossible to trigger for keyboard users, resulting in\r\naccessibility issues.\r\n\r\nLet\u0027s use `hover focus` as the default value, as this provides an\r\nadditional and unobtrusive way of displaying pop-up contents.","fileTypesAndContributionMap":{"md":{"insertions":10,"deletions":10},"vue":{"insertions":3,"deletions":3}}},{"hash":"66f5b190c6e0c1d2a38342d2ae61d9b4811b5f88","messageTitle":"Update markdown-it-linkify-images to v2.0.0 (#1838)","messageBody":"markdown-it-linkify-images at v1.1.1 overrides image width and height\r\nattributes.\r\n\r\nLet\u0027s upgrade to v2.0.0 which fixes this problem.","fileTypesAndContributionMap":{"md":{"insertions":15,"deletions":0},"json":{"insertions":1,"deletions":1}}}]},{"date":"2022-03-27","commitResults":[{"hash":"a68a86d4fdebce639a8aa0c706e15e7e4008374a","messageTitle":"Use vue-final-modal for modal components (#1849)","messageBody":"Modals are implemented using bootstrap-vue directives.\r\n\r\nbootstrap-vue has dependencies on specific versions of Bootstrap and\r\nVue, making it hard for MarkBind to migrate to Bootstrap 5, or Vue 3.\r\n\r\nvue-final-modal has minimal dependencies, and supports both Vue 2 and 3.\r\n\r\nLet\u0027s use vue-final-modal for modals instead. Doing so allows for future\r\nmigrations to Bootstrap 5 or Vue 3, without having to wait for\r\nbootstrap-vue to migrate first. \r\n\r\nVue is also upgraded from v2.6.11 to v2.6.14, to meet the dependencies\r\nof vue-final-modal v2.4.1.","fileTypesAndContributionMap":{"css":{"insertions":0,"deletions":19},"md":{"insertions":142,"deletions":2},"vue":{"insertions":160,"deletions":5},"js":{"insertions":307,"deletions":144},"json":{"insertions":14,"deletions":3}}}]},{"date":"2022-03-31","commitResults":[{"hash":"1e83c1e13bf2a440a99c28be2d5c6423bdee5919","messageTitle":"Report broken links only once (#1819)","messageBody":"When a link is validated and found to be broken, a warning is logged for\r\neach time such a link is found. \r\n\r\nThis makes the logs messy and harder to read while not providing\r\nactionable information on which links to fix. Furthermore, logging each\r\nlink while the site is building will disrupt the CLI progress bar.\r\n\r\nLet\u0027s use a site-wide abstraction to validate all the links at once and\r\nreport only unique broken links. Doing so allows us to avoid duplicate\r\nlink reporting and create a cleaner logging output.","fileTypesAndContributionMap":{"js":{"insertions":204,"deletions":60}}}]},{"date":"2022-04-04","commitResults":[{"hash":"dac728de40227650270df02ae5a3e90f1a94e7e6","messageTitle":"Migrate popovers and tooltips to floating-vue (#1868)","messageBody":"Popovers and tooltips are implemented using bootstrap-vue. \r\n\r\nbootstrap-vue has dependencies on both Vue and Bootstrap, and has not\r\nmigrated the latest versions. This is a blocker for MarkBind\u0027s\r\nmigration of these dependencies.\r\n\r\nLet\u0027s use floating-vue\u0027s Menu and Tooltip components for Popovers and\r\nTooltips respectively. floating-vue supports both Vue 2 and Vue 3, and\r\nhas fewer dependencies. This allows us to migrate to Vue 3 and \r\nBootstrap 5 more easily in the future. ","fileTypesAndContributionMap":{"md":{"insertions":3,"deletions":10},"vue":{"insertions":131,"deletions":50},"json":{"insertions":1,"deletions":0},"js":{"insertions":168,"deletions":7}}},{"hash":"1bd81ff03b9eecf142deed8832e4fe35ec2af823","messageTitle":"Add Components page to developer guide (#1865)","messageBody":"Add Writing Components page to dev docs","fileTypesAndContributionMap":{"md":{"insertions":155,"deletions":0}}}]},{"date":"2022-04-05","commitResults":[{"hash":"feee60a75dfbd309bac52742d5f91332503764ec","messageTitle":"Remove bootstrap-vue (#1873)","messageBody":"bootstrap-vue is no longer used in MarkBind as it relies on Vue 2 and\r\nBootstrap 4, both which we plan to upgrade. Its components have been\r\nmigrated to other libraries.\r\n\r\nLet\u0027s remove all mentions and instances of bootstrap-vue from MarkBind\r\nto fully remove this dependency.","fileTypesAndContributionMap":{"css":{"insertions":0,"deletions":32},"md":{"insertions":3,"deletions":3},"json":{"insertions":0,"deletions":3},"js":{"insertions":0,"deletions":4},"njk":{"insertions":0,"deletions":1}}}]},{"date":"2022-04-13","commitResults":[{"hash":"e35c32bfeada02c19b5c487537dc00ee957c0d82","messageTitle":"Migrate utilities to Bootstrap V5 (#1834)","messageBody":"","fileTypesAndContributionMap":{"css":{"insertions":52,"deletions":48},"md":{"insertions":25,"deletions":25},"vue":{"insertions":8,"deletions":8},"js":{"insertions":92,"deletions":92},"njk":{"insertions":3,"deletions":3}}},{"hash":"7bc7878784e4ec0a36438b8c25b44c2df180e803","messageTitle":"Migrate breaking changes for badges (#1884)","messageBody":"","fileTypesAndContributionMap":{"md":{"insertions":31,"deletions":31},"vue":{"insertions":1,"deletions":1},"js":{"insertions":1,"deletions":1}}},{"hash":"c1436a18755deb771cb3f1d3df9efe30c941ced5","messageTitle":"Migrate close buttons (#1886)","messageBody":"","fileTypesAndContributionMap":{"vue":{"insertions":13,"deletions":10}}},{"hash":"5f9cc95714dd095f2e40b2e56577cca15515d6bb","messageTitle":"Remove jumbotron class (#1885)","messageBody":"","fileTypesAndContributionMap":{"md":{"insertions":1,"deletions":1},"js":{"insertions":1,"deletions":1}}},{"hash":"0ad144d208271ed166bf0f227ef7ad5124efc6ae","messageTitle":"Migrate dropdown components (#1888)","messageBody":"","fileTypesAndContributionMap":{"vue":{"insertions":56,"deletions":38},"js":{"insertions":16,"deletions":16}}},{"hash":"548520641c969706fed617c77ac6827f7e63c6eb","messageTitle":"Namespace Bootstrap data attributes with data-bs- (#1892)","messageBody":"","fileTypesAndContributionMap":{"njk":{"insertions":1,"deletions":1}}},{"hash":"84099ac7950915185b9e375d3f0f861ff5c912c9","messageTitle":"Migrate MarkBind\u0027s quizzes and questions (#1890)","messageBody":"","fileTypesAndContributionMap":{"vue":{"insertions":22,"deletions":23}}},{"hash":"eef4089ba8ead03226647af80c3deb6b2815a442","messageTitle":"Fix spacing for navbars and searchbars (#1900)","messageBody":"","fileTypesAndContributionMap":{"vue":{"insertions":14,"deletions":3}}},{"hash":"33383ca96bdb5c7dfe0fd63fbd465d929b86867c","messageTitle":"Migrate horizontal rules (#1901)","messageBody":"In Bootstrap 5, `\u003chr\u003e` elements now use height instead of border to\r\nbetter support the size attribute. However, since MarkBind\u0027s hr styles\r\nsupport dotted/dashed/double lines, `\u003chr\u003e` needs a border-based\r\nimplementation. \r\n\r\nLet\u0027s minimally override Bootstrap 5\u0027s `\u003chr\u003e` styling to continue\r\nsupporting styled horizontal rules.","fileTypesAndContributionMap":{"css":{"insertions":5,"deletions":0}}},{"hash":"aadc9b613a780e45308f0cd766e5b70a3bb28ced","messageTitle":"Refactor includePanelProcessor and MdAttributeRenderer (#1896)","messageBody":"","fileTypesAndContributionMap":{"js":{"insertions":21,"deletions":29}}}]},{"date":"2022-04-15","commitResults":[{"hash":"d7c681956848084e97a3b2022b42e5af3cb00d80","messageTitle":"Migrate Bootswatch themes to v5.1.3 (#1898)","messageBody":"","fileTypesAndContributionMap":{"md":{"insertions":2,"deletions":1},"json":{"insertions":1,"deletions":1},"js":{"insertions":1,"deletions":0}}},{"hash":"8106d488fa0a45e58812eb69ee916cb739a2455e","messageTitle":"Prevent Navbars from being printed (#1906)","messageBody":"","fileTypesAndContributionMap":{"vue":{"insertions":4,"deletions":1}}}]},{"date":"2022-04-18","commitResults":[{"hash":"32f2e640f0c42ab00995dc043c67aefc6d72e293","messageTitle":"Fix typos in docs (#1902)","messageBody":"","fileTypesAndContributionMap":{"md":{"insertions":78,"deletions":78}}}]}]},"authorFileTypeContributionMap":{"chan-j-d":{"java":0,"js":0,"css":0,"json":0,"md":0,"mbd":0,"mbdf":0,"njk":0,"py":0,"vue":0,"yml":0},"kaixin-hc":{"java":0,"js":14,"css":0,"json":8,"md":165,"mbd":0,"mbdf":0,"njk":0,"py":0,"vue":40,"yml":0},"zhaojj2209":{"java":0,"js":0,"css":0,"json":0,"md":0,"mbd":0,"mbdf":0,"njk":0,"py":0,"vue":0,"yml":0},"chunweii":{"java":0,"js":0,"css":0,"json":0,"md":0,"mbd":0,"mbdf":0,"njk":0,"py":0,"vue":0,"yml":0},"yhtMinceraft1010X":{"java":0,"js":0,"css":0,"json":0,"md":0,"mbd":0,"mbdf":0,"njk":0,"py":0,"vue":0,"yml":0},"ziqing26":{"java":0,"js":0,"css":0,"json":0,"md":0,"mbd":0,"mbdf":0,"njk":0,"py":0,"vue":0,"yml":0},"jayasting98":{"java":0,"js":0,"css":0,"json":0,"md":0,"mbd":0,"mbdf":0,"njk":0,"py":0,"vue":0,"yml":0},"gycgabriel":{"java":0,"js":0,"css":0,"json":0,"md":0,"mbd":0,"mbdf":0,"njk":0,"py":0,"vue":0,"yml":0},"Nicolascwy":{"java":0,"js":0,"css":0,"json":0,"md":0,"mbd":0,"mbdf":0,"njk":0,"py":0,"vue":0,"yml":0},"samuelfangjw":{"java":0,"js":0,"css":0,"json":0,"md":0,"mbd":0,"mbdf":0,"njk":0,"py":0,"vue":0,"yml":0},"luminousleek":{"java":0,"js":0,"css":0,"json":0,"md":0,"mbd":0,"mbdf":0,"njk":0,"py":0,"vue":0,"yml":0},"Zhou-Jiahao-1998":{"java":0,"js":0,"css":0,"json":0,"md":0,"mbd":0,"mbdf":0,"njk":0,"py":0,"vue":0,"yml":0},"ong6":{"java":0,"js":160,"css":0,"json":38,"md":165,"mbd":0,"mbdf":0,"njk":5,"py":0,"vue":0,"yml":0},"fsgmhoward":{"java":0,"js":0,"css":0,"json":0,"md":0,"mbd":0,"mbdf":0,"njk":0,"py":0,"vue":0,"yml":0},"tlylt":{"java":0,"js":465,"css":91,"json":84,"md":1235,"mbd":0,"mbdf":0,"njk":0,"py":0,"vue":1,"yml":211},"gok99":{"java":0,"js":0,"css":0,"json":0,"md":0,"mbd":0,"mbdf":0,"njk":0,"py":0,"vue":0,"yml":0},"FergusMok":{"java":0,"js":0,"css":0,"json":0,"md":0,"mbd":0,"mbdf":0,"njk":0,"py":0,"vue":0,"yml":0},"jovyntls":{"java":0,"js":985,"css":59,"json":32,"md":636,"mbd":0,"mbdf":0,"njk":4,"py":0,"vue":492,"yml":0}},"authorContributionVariance":{"chan-j-d":0.0,"kaixin-hc":668.31757,"zhaojj2209":0.0,"chunweii":0.0,"yhtMinceraft1010X":0.0,"ziqing26":0.0,"jayasting98":0.0,"gycgabriel":0.0,"Nicolascwy":0.0,"samuelfangjw":0.0,"luminousleek":0.0,"Zhou-Jiahao-1998":0.0,"ong6":6665.7515,"fsgmhoward":0.0,"tlylt":1225444.1,"gok99":0.0,"FergusMok":0.0,"jovyntls":12260.094},"authorDisplayNameMap":{"chan-j-d":"REPOSENSE//CHAN..N DA","kaixin-hc":"MARKBIND//HANN.. XIN","zhaojj2209":"TEAMMATES//ZHAO..JING","chunweii":"CATCHER//LEE .. WEI","yhtMinceraft1010X":"REPOSENSE//TAY ..SUEN","ziqing26":"TEAMMATES//ZHAN..QING","jayasting98":"TEAMMATES//JAY ..TING","gycgabriel":"CATCHER//GOH ..RIEL","Nicolascwy":"TEAMMATES//CHAN..OLAS","samuelfangjw":"TEAMMATES//FANG..MUEL","luminousleek":"CATCHER//LEE ..SAAC","Zhou-Jiahao-1998":"REPOSENSE//ZHOU..AHAO","ong6":"MARKBIND//ONG ..IONG","fsgmhoward":"TEAMMATES//LIU ..OHAO","tlylt":"MARKBIND//LIU ..IANG","gok99":"REPOSENSE//GOKU..AJIV","FergusMok":"TEAMMATES//MOK ..RGUS","jovyntls":"MARKBIND//JOVY..HYAN"}}
