{"authorDailyContributionsMap":{"chan-j-d":[],"kaixin-hc":[],"zhaojj2209":[{"date":"2022-01-26","commitResults":[{"hash":"0a513d253ada7ae30d80301fd8aaceb766ee4f58","messageTitle":"[#11295] Distribute points among options question: negative points allowed on frontend (#11521)","messageBody":"* Add error message for negative points  distributed\r\n\r\n* Update snapshots\r\n\r\n* Modify constraint, fix error message\r\n\r\n* Fix lint error\r\n\r\n* Revert removal of return statement","fileTypesAndContributionMap":{"java":{"insertions":1,"deletions":1},"html":{"insertions":6,"deletions":0},"ts":{"insertions":16,"deletions":1}}}]},{"date":"2022-02-04","commitResults":[{"hash":"86e2fbadfd9e7492890821e13f7ca7a23756979e","messageTitle":"[#11539] Feedback response submission: Requests sent to backend despite invalid response (#11541)","messageBody":"* Fix invalid feedback response check\r\n\r\n* Add tests\r\n\r\nCo-authored-by: Ahmed Bahajjaj \u003c42177597+madanalogy@users.noreply.github.com\u003e","fileTypesAndContributionMap":{"ts":{"insertions":86,"deletions":43}}}]}],"chunweii":[],"yhtMinceraft1010X":[],"ziqing26":[{"date":"2022-01-21","commitResults":[{"hash":"2a7aa0bf370764bd8d97f224682443aec495b708","messageTitle":"[#11520] Fix infinite loop for login (#11530)","messageBody":"","fileTypesAndContributionMap":{"java":{"insertions":1,"deletions":0}}}]}],"jayasting98":[],"gycgabriel":[],"Nicolascwy":[{"date":"2022-01-16","commitResults":[{"hash":"9f6c8ed6aebb080847aaf17286ce2e8b39130c31","messageTitle":"[#8607] Student: edit submission: show evaluees in alphabetical order (#11482)","messageBody":"","fileTypesAndContributionMap":{"ts":{"insertions":128,"deletions":0}}}]}],"samuelfangjw":[{"date":"2022-02-05","commitResults":[{"hash":"30ac04ef07347f29d1ee5b6a89fd779bacc1cde7","messageTitle":"[#11371] Instructor sample data: defer until instructor joins (#11396)","messageBody":"* Defer creation of sample data until after instructor joins\r\n\r\n* Fix deleteAccountRequest\r\n\r\n* Add loading spinner to create-account-page\r\n\r\n* Add check for whether user already has account\r\n\r\n* Update frontend tests\r\n\r\n* Add component tests\r\n\r\n* Add tests for AccountRequestAttributes\r\n\r\n* Add component tests for create account actions\r\n\r\n* Fix frontend lint errors\r\n\r\n* Fix backend lint errors\r\n\r\n* Fix e2e tests\r\n\r\n* Add account requests to data bundle\r\n\r\n* Update account  requests logic test\r\n\r\n* Add e2e Tests\r\n\r\n* Fix page not redirecting to login\r\n\r\n* Fix lint errors\r\n\r\n* Fix linting issues\r\n\r\n* Change id of AccountRequest to use both email and institute\r\n\r\n* Move create account page to user join page\r\n\r\n* Update tests for user-join-page\r\n\r\n* Add delete account request action\r\n\r\n* Delete account request in AdminHomePageE2E test\r\n\r\n* Add GetAccountRequest action\r\n\r\n* Remove unnecessary calls to getAccountRequest\r\n\r\n* Fix failing component tests\r\n\r\n* Use instructorEmail instead of Email const\r\n\r\n* Fix minor bugs and cleanup\r\n\r\n* Remove trailing whitespace\r\n\r\n* Add placeholder skeleton to frontend\r\n\r\n* Update AccountRequest and DTO\r\n\r\n* Move registration url creation to accountRequest dto\r\n\r\n* Update createAccountAction to soft delete\r\n\r\n* Update component tests\r\n\r\n* Add endpoint to get account request status\r\n\r\n* Update user join page\r\n\r\n* Fix indentation\r\n\r\n* Update tests for user-join-page\r\n\r\n* Fix failing component tests\r\n\r\n* Fix typos\r\n\r\n* Fix typo which caused createdAt to be null\r\n\r\n* Fix broken component tests\r\n\r\n* Update exception to use specific exception type\r\n\r\n* Change Instant to Long in AccountRequestData.java\r\n\r\n* Refactor CreateAccountRequestActionTest to use getJoinLink method\r\n\r\n* Fix lint issues\r\n\r\n* Change getAccountRequest to throw exception\r\n\r\n* Remove unnecessary null check\r\n\r\n* Refactor user join page\r\n\r\n* Remove instructor from registration url\r\n\r\n* Remove instructor entity type from tests\r\n\r\n* Update sample data to be more realistic\r\n\r\n* Remove name and registration key update options\r\n\r\n* Fix architecture test violations\r\n\r\n* Seperate craete and update account request\r\n\r\n* Streamline API for join status\r\n\r\n* Minor bug fix\r\n\r\n* Remove account request status constant\r\n\r\n* Refactor get account request methods\r\n\r\n* Simplify condition\r\n\r\n* Fix typo\r\n\r\n* Remove else block\r\n\r\n* Create e2e test for account requests\r\n\r\n* Fix lint issues\r\n\r\n* Fix failing test\r\n\r\n* Remove now unnecessary comment\r\n\r\n* Revert unnecessary change\r\n\r\n* Remove outdated comment\r\n\r\n* Fix minor issues\r\n\r\n* Remove additional word\r\n\r\n* Replace boolean with string\r\n\r\n* Catch error when accountRequestAttributes is null\r\n\r\n* Remove entityType from join link\r\n\r\n* Use invalidKey variable\r\n\r\n* Remove name from update options\r\n\r\n* Handle case where accountRequestAttributes not found with assertions instead\r\n\r\n* Seperate try block in CreateAccountAction.java\r\n\r\n* Handle cases in CreateAccountAction where exceptions should not be thrown\r\n\r\n* Tweak comment language used to be consistent\r\n\r\n* Collapse catch blocks in CreateAccountAction.java\r\n\r\nCo-authored-by: Wilson Kurniawan \u003cwkurniawan.92@gmail.com\u003e","fileTypesAndContributionMap":{"java":{"insertions":1859,"deletions":89},"html":{"insertions":2,"deletions":2},"ts":{"insertions":215,"deletions":28}}}]},{"date":"2022-02-13","commitResults":[{"hash":"6454c30b2fab969e051041f7409f73e03c3b9e91","messageTitle":"[#11553] Make account requests searchable in admin search page (#11560)","messageBody":"","fileTypesAndContributionMap":{"java":{"insertions":801,"deletions":5},"html":{"insertions":56,"deletions":0},"ts":{"insertions":255,"deletions":14}}},{"hash":"39fba773479f3ec63eb369bf43e7c8cc2acbe1da","messageTitle":"[#8787] New instructors: set the time zone of the sample course to match user (#11557)","messageBody":"","fileTypesAndContributionMap":{"java":{"insertions":112,"deletions":11},"ts":{"insertions":26,"deletions":5}}}]}],"luminousleek":[],"Zhou-Jiahao-1998":[],"ong6":[],"fsgmhoward":[{"date":"2022-02-02","commitResults":[{"hash":"7cf1d3352705dd57e209a74886dd33ce246d3c47","messageTitle":"[#8364] Make rank and constsum style consistent (#11519)","messageBody":"* Make rank and constsum style consistent (#8364)\r\n\r\n- Fix inconsistency in both form style and error messages\r\n- Fix inconsistency of appearence under different screen widths\r\n\r\n* Update testing snapshots\r\n\r\nCo-authored-by: Ahmed Bahajjaj \u003c42177597+madanalogy@users.noreply.github.com\u003e","fileTypesAndContributionMap":{"html":{"insertions":32,"deletions":26}}}]}],"tlylt":[],"gok99":[],"FergusMok":[{"date":"2022-02-12","commitResults":[{"hash":"bb36f4ac20e02cc2ad8225858e431a3896a2cd3c","messageTitle":"[#11152] Student update profile: profile image does not display correctly when certain formats are used  (#11550)","messageBody":"* Add validation for student profile picture file types\r\n\r\n* Add more user-friendly notice message\r\n\r\n* Change validProfileFileTypes to readonly\r\n\r\n* Fix linting problems","fileTypesAndContributionMap":{"html":{"insertions":6,"deletions":6},"ts":{"insertions":11,"deletions":2}}}]}],"jovyntls":[]},"authorFileTypeContributionMap":{"chan-j-d":{"java":0,"js":0,"scss":0,"md":0,"py":0,"tag":0,"html":0,"ts":0},"kaixin-hc":{"java":0,"js":0,"scss":0,"md":0,"py":0,"tag":0,"html":0,"ts":0},"zhaojj2209":{"java":1,"js":0,"scss":0,"md":0,"py":0,"tag":0,"html":6,"ts":59},"chunweii":{"java":0,"js":0,"scss":0,"md":0,"py":0,"tag":0,"html":0,"ts":0},"yhtMinceraft1010X":{"java":0,"js":0,"scss":0,"md":0,"py":0,"tag":0,"html":0,"ts":0},"ziqing26":{"java":1,"js":0,"scss":0,"md":0,"py":0,"tag":0,"html":0,"ts":0},"jayasting98":{"java":0,"js":0,"scss":0,"md":0,"py":0,"tag":0,"html":0,"ts":0},"gycgabriel":{"java":0,"js":0,"scss":0,"md":0,"py":0,"tag":0,"html":0,"ts":0},"Nicolascwy":{"java":0,"js":0,"scss":0,"md":0,"py":0,"tag":0,"html":0,"ts":128},"samuelfangjw":{"java":2756,"js":0,"scss":0,"md":0,"py":0,"tag":0,"html":58,"ts":460},"luminousleek":{"java":0,"js":0,"scss":0,"md":0,"py":0,"tag":0,"html":0,"ts":0},"Zhou-Jiahao-1998":{"java":0,"js":0,"scss":0,"md":0,"py":0,"tag":0,"html":0,"ts":0},"ong6":{"java":0,"js":0,"scss":0,"md":0,"py":0,"tag":0,"html":0,"ts":0},"fsgmhoward":{"java":0,"js":0,"scss":0,"md":0,"py":0,"tag":0,"html":27,"ts":0},"tlylt":{"java":0,"js":0,"scss":0,"md":0,"py":0,"tag":0,"html":0,"ts":0},"gok99":{"java":0,"js":0,"scss":0,"md":0,"py":0,"tag":0,"html":0,"ts":0},"FergusMok":{"java":0,"js":0,"scss":0,"md":0,"py":0,"tag":0,"html":6,"ts":11},"jovyntls":{"java":0,"js":0,"scss":0,"md":0,"py":0,"tag":0,"html":0,"ts":0}},"authorContributionVariance":{"chan-j-d":0.0,"kaixin-hc":0.0,"zhaojj2209":225.99724,"chunweii":0.0,"yhtMinceraft1010X":0.0,"ziqing26":0.013155563,"jayasting98":0.0,"gycgabriel":0.0,"Nicolascwy":215.54077,"samuelfangjw":84103.72,"luminousleek":0.0,"Zhou-Jiahao-1998":0.0,"ong6":0.0,"fsgmhoward":44.255302,"tlylt":0.0,"gok99":0.0,"FergusMok":8.222221,"jovyntls":0.0},"authorDisplayNameMap":{"chan-j-d":"CHAN..N DA","kaixin-hc":"HANN.. XIN","zhaojj2209":"ZHAO..JING","chunweii":"LEE .. WEI","yhtMinceraft1010X":"TAY ..SUEN","ziqing26":"ZHAN..QING","jayasting98":"JAY ..TING","gycgabriel":"GOH ..RIEL","Nicolascwy":"CHAN..OLAS","samuelfangjw":"FANG..MUEL","luminousleek":"LEE ..SAAC","Zhou-Jiahao-1998":"ZHOU..AHAO","ong6":"ONG ..IONG","fsgmhoward":"LIU ..OHAO","tlylt":"LIU ..IANG","gok99":"GOKU..AJIV","FergusMok":"MOK ..RGUS","jovyntls":"JOVY..HYAN"}}
