{"authorDailyContributionsMap":{"chan-j-d":[],"kaixin-hc":[],"zhaojj2209":[{"date":"2022-01-26","commitResults":[{"hash":"0a513d253ada7ae30d80301fd8aaceb766ee4f58","messageTitle":"[#11295] Distribute points among options question: negative points allowed on frontend (#11521)","messageBody":"* Add error message for negative points  distributed\r\n\r\n* Update snapshots\r\n\r\n* Modify constraint, fix error message\r\n\r\n* Fix lint error\r\n\r\n* Revert removal of return statement","fileTypesAndContributionMap":{"java":{"insertions":1,"deletions":1},"html":{"insertions":6,"deletions":0},"ts":{"insertions":16,"deletions":1}}}]},{"date":"2022-02-04","commitResults":[{"hash":"86e2fbadfd9e7492890821e13f7ca7a23756979e","messageTitle":"[#11539] Feedback response submission: Requests sent to backend despite invalid response (#11541)","messageBody":"* Fix invalid feedback response check\r\n\r\n* Add tests\r\n\r\nCo-authored-by: Ahmed Bahajjaj \u003c42177597+madanalogy@users.noreply.github.com\u003e","fileTypesAndContributionMap":{"ts":{"insertions":86,"deletions":43}}}]},{"date":"2022-03-10","commitResults":[{"hash":"33cfa216b1233d44361c236a51f8c3c90a298b92","messageTitle":"[#11370] Copying question from another session: optimize fetching of available questions (#11566)","messageBody":"","fileTypesAndContributionMap":{"java":{"insertions":18,"deletions":6},"scss":{"insertions":2,"deletions":5},"html":{"insertions":68,"deletions":48},"ts":{"insertions":393,"deletions":59}}}]},{"date":"2022-04-06","commitResults":[{"hash":"51854d39c4a5c69fcde562e3fe615413e03a8eda","messageTitle":"[#11572] Notification Feature - E2E tests for admin features (#11695)","messageBody":"* Add admin notifications page E2E test skeleton\r\n\r\n* Add create notification E2E test\r\n\r\n* Add delete notification E2E test\r\n\r\n* Add edit notification E2E test\r\n\r\n* Update data bundles\r\n\r\n* Refactor notification edit form\r\n\r\n* Fix nits\r\n\r\n* Refactor code, add comments\r\n\r\n* Refactor getNewestNotificationId\r\n\r\n* Improve E2E test cases\r\n\r\n* Fix nits, refactor testcases\r\n\r\n* Remove redundant notif ID equalization\r\n\r\n* Show create toast after adding notif to table","fileTypesAndContributionMap":{"java":{"insertions":318,"deletions":4},"html":{"insertions":11,"deletions":5},"ts":{"insertions":13,"deletions":22}}}]},{"date":"2022-04-08","commitResults":[{"hash":"cd49c84f6a5727ed77e9566020ac77ec164aaa86","messageTitle":"[#11572] Notification feature - Add read notifications to Account entity (#11643)","messageBody":"* Add read status attribute to account entity\r\n\r\n* Add ReadNotifications class\r\n\r\n* Fix tests, update data bundles\r\n\r\n* Fix frontend typing\r\n\r\n* Update E2E test data bundles\r\n\r\n* Fix nits\r\n\r\n* Add tests\r\n\r\n* Fix lint errors\r\n\r\n* Remove ReadNotifications class\r\n\r\n* Refactor code\r\n\r\n* Serialize readNotifications\r\n\r\n* Fix rebase errors\r\n\r\n* Remove suppress warning","fileTypesAndContributionMap":{"java":{"insertions":118,"deletions":14},"ts":{"insertions":2,"deletions":3}}}]}],"chunweii":[],"yhtMinceraft1010X":[],"ziqing26":[{"date":"2022-01-21","commitResults":[{"hash":"2a7aa0bf370764bd8d97f224682443aec495b708","messageTitle":"[#11520] Fix infinite loop for login (#11530)","messageBody":"","fileTypesAndContributionMap":{"java":{"insertions":1,"deletions":0}}}]},{"date":"2022-04-06","commitResults":[{"hash":"b8f26158d70f51f12f9915d64ad195fa67cb9ab9","messageTitle":"[#11572] Notification Feature - GET route (#11625)","messageBody":"* Add missing access modifier to createNotification\n\n* Add route to create notification API URL\n\n* Add create notification mapping to action factory\n\n* Add create notification to action and logic\n\n* Add validity checks for notification attributes\n\n* Create Notification GET API so that users could get notifications from the database.\n\n* Create the response data type NotificationsData.\n\n* Create GetNotificationAction.\n\n* Create db methods to get notifications for specified target users.\n\n* Add notification endpoint to ResourceEndpoints\n\n* Add Enums for TargetUser and NotificationType\n\n* Change DB datatype for targetUser and notificationType\n\n* Update DB datatype from String to Enum for those two attributes.\n\n* Update method of getting notifications by target user.\n\n* Fix Db queries with multiple inequality and update enum related types in POST routes\n\n* Standardize usage of enum and set createAt value upon creation\n\n* Add validation for target user\n\n* Simplify Enums for Notification\n\n* Add getAllNotifications for admin\n\n* Add validation for targetUser in GET request and remove redundant db check\n\n* Remove queries with respect to startTime\n\n* Add back invalidity info\n\nCo-authored-by: Nicolas Chang Weng Yew \u003cnicolas.chang99@gmail.com\u003e\n","fileTypesAndContributionMap":{"java":{"insertions":359,"deletions":62}}},{"hash":"e4734654ce3950b2b468a6301fc567185c03586a","messageTitle":"[#11572] Notification: GET API test and access control (#11648)","messageBody":"* Add test for NotificationAttributes\n\n* Add notifications to typicalDataBundles and init GET api test\n\n* Add tests for GET api\n\n* Add access control and its tests for GET api\n\n* Update data in dataBundle and add more abstractions\n\n* Refactor NotificationAttributesTest and add tests for FieldValidator\n","fileTypesAndContributionMap":{"java":{"insertions":515,"deletions":3}}},{"hash":"262b722a45dcefc14a874e40800474f15c50bcd0","messageTitle":"[#11572] Notification Feature - Notification Logic Tests (#11696)","messageBody":"* Add tests to NotificationsLogic\r\n\r\n* Refactor notification logic test\r\n\r\n* Increase usage of typical databundle and reduce entity creation during\r\n  test\r\n\r\n* Improve tests for getActiveNotificationsForTargetUser\r\n\r\n* Remove check for presence in database","fileTypesAndContributionMap":{"java":{"insertions":168,"deletions":26}}}]}],"jayasting98":[{"date":"2022-02-15","commitResults":[{"hash":"f347d6657482e8e264b6fb24d57369d9c3b71c08","messageTitle":"[#11548] Add edit functionality for admins adding new instructors (#11549)","messageBody":"","fileTypesAndContributionMap":{"scss":{"insertions":0,"deletions":0},"html":{"insertions":39,"deletions":18},"ts":{"insertions":610,"deletions":34}}}]},{"date":"2022-04-06","commitResults":[{"hash":"2ef1a6e82489b1ac3cb8883219602bcc4bd0fbf4","messageTitle":"[#11571] Selective Deadline Extensions - Get selective deadlines (#11606)","messageBody":"* Add extendedDeadlines map field to feedback sessions\n\n* Update tests for new extendedDeadlines field\n\n* Add extendedDeadlines map field to FeedbackSessionData\n\n* Add logic for extended deadlines for participants\n\n* Add tests for extended deadlines for participants\n\n* Add logic for extended deadlines for instructors\n\n* Add tests for extended deadlines for instructors\n\n* Combine similar methods that check feedback session state\n\n* Update front-end FeedbackSession instances\n\n* Rename extendedDeadlines to studentDeadlines\n\n* Update E2E test data\n\n* Add instructorDeadlines to feedback sessions\n\n* Update FeedbackSessionAttributesTest\n\n* Update data bundle files\n\n* Add instructorDeadlines to FeedbackSessionData\n\n* Update front-end FeedbackSession instances with instructorDeadlines\n\n* Update logic for deadlines\n\n* Update tests for getting deadlines\n\n* Populate some test data bundles with data\n\n* Handle possibly null deadline maps\n\n* Allow deadline maps to be updated\n\n* Add tests for updating deadline maps\n\n* Simplify unit tests in GetFeedbackSessionActionTest\n\n* Remove validity checks for deadline maps\n\n* Increase comment quality\n\n* Move deadline map filtering into FeedbackSessionData\n\n* Move deadline map filtering into FeedbackSessionData\n\n* Clean code\n\n* Change deadline logic to use deadline supplier\n\n* Add tests for sanitization methods and deadline initialization\n\n* Remove double switch-case blocks in GetFeedbackSessionAction\n","fileTypesAndContributionMap":{"java":{"insertions":1315,"deletions":23},"ts":{"insertions":76,"deletions":0}}},{"hash":"630f1e7c456ee87876b412ae4b31771251764d89","messageTitle":"[#11571] Selective Deadline Extensions - C_UD selective deadlines (#11649)","messageBody":"","fileTypesAndContributionMap":{"java":{"insertions":699,"deletions":13},"ts":{"insertions":8,"deletions":1}}},{"hash":"fd7bccc690781da4ddcd2af2b8925ddf0a404557","messageTitle":"[#11571] Selective Deadline Extensions - Integrate the backend (#11671)","messageBody":"","fileTypesAndContributionMap":{"java":{"insertions":61,"deletions":2}}},{"hash":"50d45d22c1e60f8fb1ede20d8606e6f9b28757bd","messageTitle":"[#11571] Add selective deadlines into access control checks (#11689)","messageBody":"* Sanitize feedback session in comment creation access control\r\n\r\n* Test comment creation access control feedback session sanitization\r\n\r\n* Sanitize feedback session in comment deletion access control\r\n\r\n* Test comment deletion access control feedback session sanitization\r\n\r\n* Sanitize feedback session in response submission access control\r\n\r\n* Test response submission access control feedback session sanitization\r\n\r\n* Sanitize feedback session in comment update access control\r\n\r\n* Test comment update access control feedback session sanitization","fileTypesAndContributionMap":{"java":{"insertions":401,"deletions":4}}},{"hash":"ade278d621ff7ac2488a9edadb6fa0dcbd714e3b","messageTitle":"[#11571] Cascade user updates/deletes to deadline maps (#11688)","messageBody":"* Add methods for updating and deleting deadline maps for a user\n\n* Add tests for updating and deleting deadline maps for a user\n\n* Cascade instructor updates or deletes to deadline maps\n\n* Test cascade of instructor updates or deletes to deadline maps\n\n* Cascade student updates or deletes to deadline maps\n\n* Test cascade of student updates or deletes to deadline maps\n\n* Match deadline extension entities with deadline maps\n\n* Change deadlinesUpdater into a Consumer\n\n* Change unexpected error assertion into a severe log\n\n* Improve readability of feedback session deadline map update code\n\n* Clean code\n\n* Clean code further\n","fileTypesAndContributionMap":{"java":{"insertions":405,"deletions":0}}}]}],"gycgabriel":[],"Nicolascwy":[{"date":"2022-01-16","commitResults":[{"hash":"9f6c8ed6aebb080847aaf17286ce2e8b39130c31","messageTitle":"[#8607] Student: edit submission: show evaluees in alphabetical order (#11482)","messageBody":"","fileTypesAndContributionMap":{"ts":{"insertions":128,"deletions":0}}}]},{"date":"2022-02-15","commitResults":[{"hash":"0da0e52bd0fdf9020de0702350b8c7298aefa723","messageTitle":"[#11466] Add remind sub-menu to UI (#11510)","messageBody":"* Add remind sub-menu to UI\r\n\r\n* Add logic to reminder button modal\r\n\r\n* Update snapshots tests for reminder sub-menu\r\n\r\n* Fix bug that incorrectly selects modal option\r\n\r\nSelecting \"Select all non-submitters\" checks the modal option \"Select\r\nall instructors not yet submitted\" and \"Select all students not yet\r\nsubmitted\" in modal even when all instructors or students have completed\r\nthe have completed the feedback session.\r\n\r\nChange isAllYetToSubmitInstructorsSelected and\r\nisAllYetToSubmitStudentsSelected functions to check that there exist\r\nentities who have not completed the form before checking option.\r\n\r\n* Style remind button\r\n\r\n* Update snapshot tests\r\n\r\n* Fix lint errors\r\n\r\n* Change button group to use bootstrap flex class\r\n\r\n* Add back loading condition\r\n\r\n* Update send reminder email E2E test\r\n\r\n* Update snapshot tests\r\n\r\n* Fix typo in E2E tests\r\n\r\n* Make E2E helper function name more descriptive\r\n\r\n* Add E2E to InstructorFeedbackSession\r\n\r\n* Remove unused event emitter\r\n\r\nUpdate snapshot tests\r\n\r\n* Add E2E test to InstructorFeedbackSession\r\n\r\nAdd E2E test to test remind all non-submitters button and ensure that sent to student non-submitters.\r\n\r\n* Fix typo in E2E test\r\n\r\n* Removed tests for more than one student\r\n\r\nStudents with the same email are not persisted in the database.\r\nThe tests added therefore did not work but passed.\r\n\r\n* Fix lint error\r\n\r\nCo-authored-by: Ahmed Bahajjaj \u003c42177597+madanalogy@users.noreply.github.com\u003e","fileTypesAndContributionMap":{"java":{"insertions":43,"deletions":7},"scss":{"insertions":0,"deletions":5},"html":{"insertions":64,"deletions":54},"ts":{"insertions":32,"deletions":15}}}]},{"date":"2022-02-23","commitResults":[{"hash":"49bea442067302441e41c5416efe6b8333614666","messageTitle":"[#11578] Make user cookie time sensitive (#11581)","messageBody":"* Add expiration time to cookies\r\n\r\n* Add UserInfo cookie test\r\n\r\n* Remove magic number and change expiry time to long\r\n\r\n* Add validity test\r\n\r\n* Change expiryTime setter to use long parameter","fileTypesAndContributionMap":{"java":{"insertions":50,"deletions":3}}}]},{"date":"2022-03-28","commitResults":[{"hash":"b088fd039761bf5d5237709331891d10c73971d9","messageTitle":"[#8184] Instructor create session: default questions: replace \u0027contribution question\u0027 (#11613)","messageBody":"","fileTypesAndContributionMap":{"java":{"insertions":2,"deletions":1},"html":{"insertions":7,"deletions":7}}}]},{"date":"2022-04-06","commitResults":[{"hash":"8e66ba38721fc2ccb21c6c02c5886b7888d1ec1f","messageTitle":"[#11572] Notification Feature - POST route (#11620)","messageBody":"* Add missing access modifier to createNotification\n\n* Add route to create notification API URL\n\n* Add create notification mapping to action factory\n\n* Add create notification to logic\n\n* Add create notification action\n\n* Add validity checks for notification attributes\n\n* Change javadoc to be clearer\n\n* Retrigger github checks\n\n* Add notification endpoint to ResourceEnddpoints\n\n* Correct incorrect javadoc reference\n","fileTypesAndContributionMap":{"java":{"insertions":257,"deletions":7}}},{"hash":"722f5043c946ecd3d0228f25946e55842aef7ca1","messageTitle":"[#11572] Add delete notification route (#11650)","messageBody":"* Add DeleteNotification class to test\r\n\r\n* Add delete notification action\r\n\r\nFix lint issues\r\n\r\nAdd DeleteNotification class to test\r\n\r\n* Refactor code to use getNonNullRequestParamValue","fileTypesAndContributionMap":{"java":{"insertions":36,"deletions":1}}},{"hash":"754ffbee758c3f61aca75ac1d4cf318d51ad821e","messageTitle":"[#11572] Add get notification route and helper functions for testing (#11667)","messageBody":"* Refactor GET Notification endpoint to new route\n\n* Create GET notification route\n\n* Add notification to BaseTestCaseWithDatabaseAccess\n\n* Fix BaseTestCaseWithDatabaseAccess\n\n* Add comment to separate Notification APIs\n\n* Fix bug in NotificationData\n\n* Amend javadoc for GetNotificationsAction\n\nCo-authored-by: Zhao Jingjing \u003c54243224+zhaojj2209@users.noreply.github.com\u003e\n\nCo-authored-by: Zhao Jingjing \u003c54243224+zhaojj2209@users.noreply.github.com\u003e\n","fileTypesAndContributionMap":{"java":{"insertions":187,"deletions":66},"ts":{"insertions":1,"deletions":1}}},{"hash":"1f77224409b62baffb530bcf23a5a201b0bf47c8","messageTitle":"[#11572] Notification Feature - Add tests for notification POST route (#11660)","messageBody":"* Add notification POST route tests\r\n\r\n* Add notification logic test\r\n\r\n* Refactor CreateNotificationTest\r\n\r\n* Remove workaround for verifyXInDatabase\r\n","fileTypesAndContributionMap":{"java":{"insertions":254,"deletions":12}}},{"hash":"7756f048db8201b106dacec4feb5280f6744fe99","messageTitle":"[#11572] Notification Feature - PUT notification route (#11665)","messageBody":"* Add PUT route\r\n\r\n* Add PUT to notification service\r\n\r\n* Change startTime and endTime to long","fileTypesAndContributionMap":{"java":{"insertions":75,"deletions":10},"ts":{"insertions":12,"deletions":2}}},{"hash":"2ff9056a757081f231b85818220a1734ce8bfa6c","messageTitle":"[#11572] Notification feature - Add tests PUT and DELETE route (#11701)","messageBody":"* Add tests for DELETE notification action\r\n\r\n* Add tests for PUT notification action\r\n\r\n* Add missing test annotation and fix tests\r\n","fileTypesAndContributionMap":{"java":{"insertions":221,"deletions":4}}}]}],"samuelfangjw":[{"date":"2022-02-05","commitResults":[{"hash":"30ac04ef07347f29d1ee5b6a89fd779bacc1cde7","messageTitle":"[#11371] Instructor sample data: defer until instructor joins (#11396)","messageBody":"* Defer creation of sample data until after instructor joins\r\n\r\n* Fix deleteAccountRequest\r\n\r\n* Add loading spinner to create-account-page\r\n\r\n* Add check for whether user already has account\r\n\r\n* Update frontend tests\r\n\r\n* Add component tests\r\n\r\n* Add tests for AccountRequestAttributes\r\n\r\n* Add component tests for create account actions\r\n\r\n* Fix frontend lint errors\r\n\r\n* Fix backend lint errors\r\n\r\n* Fix e2e tests\r\n\r\n* Add account requests to data bundle\r\n\r\n* Update account  requests logic test\r\n\r\n* Add e2e Tests\r\n\r\n* Fix page not redirecting to login\r\n\r\n* Fix lint errors\r\n\r\n* Fix linting issues\r\n\r\n* Change id of AccountRequest to use both email and institute\r\n\r\n* Move create account page to user join page\r\n\r\n* Update tests for user-join-page\r\n\r\n* Add delete account request action\r\n\r\n* Delete account request in AdminHomePageE2E test\r\n\r\n* Add GetAccountRequest action\r\n\r\n* Remove unnecessary calls to getAccountRequest\r\n\r\n* Fix failing component tests\r\n\r\n* Use instructorEmail instead of Email const\r\n\r\n* Fix minor bugs and cleanup\r\n\r\n* Remove trailing whitespace\r\n\r\n* Add placeholder skeleton to frontend\r\n\r\n* Update AccountRequest and DTO\r\n\r\n* Move registration url creation to accountRequest dto\r\n\r\n* Update createAccountAction to soft delete\r\n\r\n* Update component tests\r\n\r\n* Add endpoint to get account request status\r\n\r\n* Update user join page\r\n\r\n* Fix indentation\r\n\r\n* Update tests for user-join-page\r\n\r\n* Fix failing component tests\r\n\r\n* Fix typos\r\n\r\n* Fix typo which caused createdAt to be null\r\n\r\n* Fix broken component tests\r\n\r\n* Update exception to use specific exception type\r\n\r\n* Change Instant to Long in AccountRequestData.java\r\n\r\n* Refactor CreateAccountRequestActionTest to use getJoinLink method\r\n\r\n* Fix lint issues\r\n\r\n* Change getAccountRequest to throw exception\r\n\r\n* Remove unnecessary null check\r\n\r\n* Refactor user join page\r\n\r\n* Remove instructor from registration url\r\n\r\n* Remove instructor entity type from tests\r\n\r\n* Update sample data to be more realistic\r\n\r\n* Remove name and registration key update options\r\n\r\n* Fix architecture test violations\r\n\r\n* Seperate craete and update account request\r\n\r\n* Streamline API for join status\r\n\r\n* Minor bug fix\r\n\r\n* Remove account request status constant\r\n\r\n* Refactor get account request methods\r\n\r\n* Simplify condition\r\n\r\n* Fix typo\r\n\r\n* Remove else block\r\n\r\n* Create e2e test for account requests\r\n\r\n* Fix lint issues\r\n\r\n* Fix failing test\r\n\r\n* Remove now unnecessary comment\r\n\r\n* Revert unnecessary change\r\n\r\n* Remove outdated comment\r\n\r\n* Fix minor issues\r\n\r\n* Remove additional word\r\n\r\n* Replace boolean with string\r\n\r\n* Catch error when accountRequestAttributes is null\r\n\r\n* Remove entityType from join link\r\n\r\n* Use invalidKey variable\r\n\r\n* Remove name from update options\r\n\r\n* Handle case where accountRequestAttributes not found with assertions instead\r\n\r\n* Seperate try block in CreateAccountAction.java\r\n\r\n* Handle cases in CreateAccountAction where exceptions should not be thrown\r\n\r\n* Tweak comment language used to be consistent\r\n\r\n* Collapse catch blocks in CreateAccountAction.java\r\n\r\nCo-authored-by: Wilson Kurniawan \u003cwkurniawan.92@gmail.com\u003e","fileTypesAndContributionMap":{"java":{"insertions":1859,"deletions":89},"html":{"insertions":2,"deletions":2},"ts":{"insertions":215,"deletions":28}}}]},{"date":"2022-02-13","commitResults":[{"hash":"6454c30b2fab969e051041f7409f73e03c3b9e91","messageTitle":"[#11553] Make account requests searchable in admin search page (#11560)","messageBody":"","fileTypesAndContributionMap":{"java":{"insertions":801,"deletions":5},"html":{"insertions":56,"deletions":0},"ts":{"insertions":255,"deletions":14}}},{"hash":"39fba773479f3ec63eb369bf43e7c8cc2acbe1da","messageTitle":"[#8787] New instructors: set the time zone of the sample course to match user (#11557)","messageBody":"","fileTypesAndContributionMap":{"java":{"insertions":112,"deletions":11},"ts":{"insertions":26,"deletions":5}}}]},{"date":"2022-02-15","commitResults":[{"hash":"8d64ee94185c697192ddab113068f0e8b4b2f819","messageTitle":"[#9031] Allow adding of comment to MSQ questions (#11546)","messageBody":"* Allow adding of comment to MSQ questions\r\n\r\n* Fix typo in session-submission-page test\r\n\r\n* Fix some comments appearing in wrong column in downloaded csv file\r\n\r\n* Remove impossible test","fileTypesAndContributionMap":{"java":{"insertions":8,"deletions":6},"ts":{"insertions":23,"deletions":5}}},{"hash":"288d0ffb03796e495cf7f76a6d4695131ea7b7e4","messageTitle":"[#11540] Make maintainer logs interface scrollable (#11545)","messageBody":"* Allow maintainer logs output to scroll\r\n\r\n* Enlarge scrollable area\r\n\r\n* Replace css selectors with nested sass selectors","fileTypesAndContributionMap":{"scss":{"insertions":25,"deletions":1},"html":{"insertions":9,"deletions":7}}}]},{"date":"2022-03-11","commitResults":[{"hash":"29118a37396afc55750d06d360c456908e410fc2","messageTitle":"[#11433] Admin: Give a way to remove unregistered instructors and their data (#11582)","messageBody":"* Add delete account request function in account service\r\n\r\n* Add delete button for account request on admin search page\r\n\r\n* Add backend validation to prevent account request of registered instructor from being deleted\r\n\r\n* Add admin search page e2e tests for deletion of account request\r\n\r\n* Remove redundant hasInstructor attribute","fileTypesAndContributionMap":{"java":{"insertions":46,"deletions":9},"html":{"insertions":8,"deletions":2},"ts":{"insertions":105,"deletions":21}}}]},{"date":"2022-03-12","commitResults":[{"hash":"a3c4ba06b3b44df049ae17bb7888e7532af2237a","messageTitle":"[#11633] Remove overwritten text-break class (#11634)","messageBody":"","fileTypesAndContributionMap":{"scss":{"insertions":0,"deletions":9}}}]},{"date":"2022-03-27","commitResults":[{"hash":"63d20da17412d4be047f3c32e50ee25f2b3e681b","messageTitle":"[#11655] Devise a better way to handle duplicate account requests (#11657)","messageBody":"","fileTypesAndContributionMap":{"java":{"insertions":552,"deletions":24},"html":{"insertions":70,"deletions":0},"ts":{"insertions":529,"deletions":30}}}]},{"date":"2022-03-28","commitResults":[{"hash":"46f94399e1294adc5d17e8a5c3ba873ddd196c8a","messageTitle":"[#11674] Fix duplicate time picker option when 23:00 selection (#11677)","messageBody":"","fileTypesAndContributionMap":{"ts":{"insertions":1,"deletions":1}}}]},{"date":"2022-03-29","commitResults":[{"hash":"e1a19ac2d8f4ebceafdfca4319c3df4a02cb6e2c","messageTitle":"[#11673] Add ESLint rule for member delimiter style (#11675)","messageBody":"","tags":["V8.11.0"],"fileTypesAndContributionMap":{"ts":{"insertions":13,"deletions":12}}}]},{"date":"2022-03-31","commitResults":[{"hash":"7dfda8ba63070c0924eb397c98bae8008c00b30b","messageTitle":"[#11684] Fix minor typos (#11685)","messageBody":"* Fix minor typos\r\n\r\n* Remove unnecessary multi-byte characters","fileTypesAndContributionMap":{"java":{"insertions":9,"deletions":10},"md":{"insertions":3,"deletions":3},"ts":{"insertions":6,"deletions":6}}}]},{"date":"2022-04-03","commitResults":[{"hash":"53e2206dcb00e8d387024b8315f6781fd2bc62f7","messageTitle":"[#11693] Student submitting MCQ question: comments are not loading (#11699)","messageBody":"","tags":["V8.12.0"],"fileTypesAndContributionMap":{"ts":{"insertions":50,"deletions":11}}}]},{"date":"2022-04-06","commitResults":[{"hash":"257cb2aa475653d37ba6f0c6452b6ec2888ac4ae","messageTitle":"[#11571] Selective Deadline Extensions - DeadlineExtension entity and sending of emails (#11602)","messageBody":"* Create deadline extension entity\n\n* Create deadline data transfer object\n\n* Create deadline extension repository layer\n\n* Create deadline extensions logic layer and test infrastructure\n\n* Add get and delete deadline extension actions\n\n* Refactor email generator to accept deadline extensions for closing emails\n\n* Update feedback session closing reminder actions to send emails for deadline extensions\n\n* Add email generator for deadline extension given/updated/revoked emails\n\n* Add deadline extension worker to handle updating of deadline extension entity\n\n* Add validity check for deadline extension deletion query\n\n* Terminate updateDeadlineExtensionsWithNewEmail early if no update necessary\n\n* Catch specific exceptions in FeedbackSessionsClosingRemindersAction\n\n* Replace explicit types with var\n\n* Replace descriptive name with abbreviation\n\n* Fix indentation in DeadlineExtensionsDbTest\n\n* Reorder statement for clarity\n\n* Replace descriptive name with abbreviation\n\n* Reorder statement for clarity\n\n* Rephrase comment\n\n* Add commented lines to indicate missing parameter\n\n* Fix lint issues\n\n* Revert add and get deadline extensions actions and remove related methods\n\n* Replace getInstantHoursOffsetFromNow with same method in TimeHelperExtension\n\n* Rename task queue worker endpoint\n\n* Set deadline extensions sentClosingEmail to false when endTime is specified\n\n* Standardize spacing\n\n* Update worker action to schedule emails only once\n\n* Update DeadlineExtensionsWorkerAction\n\n* Minor refactor\n","fileTypesAndContributionMap":{"java":{"insertions":3035,"deletions":25},"html":{"insertions":813,"deletions":0}}},{"hash":"0a44a7ee126738cfc21d5d4028fe2f51409fa32c","messageTitle":"[#11571] Verify deadline extensions are valid before sending closing emails (#11682)","messageBody":"","fileTypesAndContributionMap":{"java":{"insertions":120,"deletions":31}}},{"hash":"9eb4bb8974a43f901b0bc4f5253f0fde38040e17","messageTitle":"[#11571] Selective deadline extensions: remove deadline extension task queue worker (#11690)","messageBody":"* Remove deadline extension worker\n\n* Refactor\n","fileTypesAndContributionMap":{"java":{"insertions":307,"deletions":583}}},{"hash":"fc86c6d75434ffe0c69bfaa2a11ea86824b07548","messageTitle":"[#11571] Address minor issues (#11712)","messageBody":"","fileTypesAndContributionMap":{"java":{"insertions":16,"deletions":16},"html":{"insertions":2,"deletions":2}}},{"hash":"6b909b210888f8e777b1a9867de64ae690c448ed","messageTitle":"[#11591] Fix E2E Tests (Firefox) Failing Consistently (#11686)","messageBody":"* Revert \"Use firefox 96 in e2e tests\"\r\n\r\nThis reverts commit dc28f30035598b6010afe7263257afb26aef1c2e.\r\n\r\n* Bump selenium to v4.1.3\r\n\r\n* Improve e2e test reliability","fileTypesAndContributionMap":{"java":{"insertions":2,"deletions":1}}}]}],"luminousleek":[],"Zhou-Jiahao-1998":[],"ong6":[],"fsgmhoward":[{"date":"2022-02-02","commitResults":[{"hash":"7cf1d3352705dd57e209a74886dd33ce246d3c47","messageTitle":"[#8364] Make rank and constsum style consistent (#11519)","messageBody":"* Make rank and constsum style consistent (#8364)\r\n\r\n- Fix inconsistency in both form style and error messages\r\n- Fix inconsistency of appearence under different screen widths\r\n\r\n* Update testing snapshots\r\n\r\nCo-authored-by: Ahmed Bahajjaj \u003c42177597+madanalogy@users.noreply.github.com\u003e","fileTypesAndContributionMap":{"html":{"insertions":32,"deletions":26}}}]},{"date":"2022-02-15","commitResults":[{"hash":"00d2adf9b916df22f900a2c34d3e2d2acb67e379","messageTitle":"[#11551] Fix incorrect message for student home page (#11563)","messageBody":"","fileTypesAndContributionMap":{"html":{"insertions":5,"deletions":3},"ts":{"insertions":4,"deletions":3}}}]},{"date":"2022-02-17","commitResults":[{"hash":"4ec60a2a9238ff85a3c99ac20967ed127e6e0921","messageTitle":"[#11487] Disable mouse wheel events for number inputs (#11542)","messageBody":"* Disable mouse wheel events for number inputs\r\n\r\n- Prevent mouse wheel scroll from changing students\u0027 number inputs\r\n\r\n* Revert \"Disable mouse wheel events for number inputs\"\r\n\r\nThis reverts commit 9429e87f4a7554e4b318e661e3851bf8b5ecc3e3.\r\n\r\n* Disable wheel for numeric inputs using directive\r\n\r\n- New WheelDisablerDirective and respective module is created\r\n- Updated snapshot for session-submission-page\r\n\r\n* Fix linting errors","fileTypesAndContributionMap":{"html":{"insertions":5,"deletions":3},"ts":{"insertions":34,"deletions":0}}}]},{"date":"2022-03-11","commitResults":[{"hash":"9f2f4c72a5f14699bdc86ce006a6eaee67501852","messageTitle":"[#11588] Fix incorrect loading for student result page (#11604)","messageBody":"","fileTypesAndContributionMap":{"html":{"insertions":1,"deletions":1},"ts":{"insertions":19,"deletions":3}}}]},{"date":"2022-03-14","commitResults":[{"hash":"39ce954f09bb555eb454b69ec3c7782bd4ddc0a5","messageTitle":"[#11547] Remove outdated instructor help information (#11555)","messageBody":"","fileTypesAndContributionMap":{"html":{"insertions":4,"deletions":27},"ts":{"insertions":0,"deletions":6}}}]},{"date":"2022-03-17","commitResults":[{"hash":"3824506e4948639b0fba6771aee3dc909c00ec3a","messageTitle":"[#11570] Move all external service classes to new package (#11577)","messageBody":"* Move all external service classes to new package\r\n\r\n* Update design diagram and documents\r\n\r\n* Update design document and diagram\r\n\r\n* Amend docs based on comments","fileTypesAndContributionMap":{"java":{"insertions":61,"deletions":38},"md":{"insertions":2,"deletions":0}}}]},{"date":"2022-03-28","commitResults":[{"hash":"bffb5333d93d71bc1f07ea067971ad96ae812af6","messageTitle":"[#11621] [#11622] Minor fixes for angular.json and typos (#11672)","messageBody":"","fileTypesAndContributionMap":{"java":{"insertions":2,"deletions":2}}}]},{"date":"2022-04-06","commitResults":[{"hash":"4aa70630ff2a5a5aa2fe73da125e8d25b5211929","messageTitle":"[#11572] Notification Feature - Skeleton of DB (#11575)","messageBody":"* Complete skeleton for notification db\n\n* Handle updatedAt, align with latest tech design\n\n* Add skeleton for notification logic\n\n* Add API to create notification, fix typo\n\n* Rename classes to plural form, add to LogicStarter\n","fileTypesAndContributionMap":{"java":{"insertions":740,"deletions":0}}},{"hash":"fcf0ef48f1781fafd4ef7d7f43a44f234ad04c9a","messageTitle":"[#11572] Notification Feature - Admin Notification Page (#11623)","messageBody":"* Add notification edit form and other skeleton\n\n* Add handler for notification creation\n\n* Add handler for GET request\n\n* Add notification table\n\n* Integrate changes in POST route and fix issues\n\n* Update code to integrate changes in #11625\n\n* Hide table header when there is no content\n\n* Return newly created notification entity for POST API\n\n* Add page header and sorting for target user \u0026 type\n\n* Move DatePickerFormatter to be under datepicker\n\n* Add in length check and error message for title\n\n* Remove max length constant for message body\n\n* Use creation time descending order by default\n\n* Use datebrief by default to avoid packed numbers\n","fileTypesAndContributionMap":{"java":{"insertions":42,"deletions":26},"scss":{"insertions":63,"deletions":0},"html":{"insertions":263,"deletions":0},"ts":{"insertions":768,"deletions":13}}},{"hash":"c73408d83d08678907174c23cff6f0c2bb17eea6","messageTitle":"[#11572] Notification feature - admin page delete notification function  (#11652)","messageBody":"* Add delete notification function to admin page\r\n\r\n* Remove index numbers, add in creation time","fileTypesAndContributionMap":{"html":{"insertions":12,"deletions":11},"ts":{"insertions":51,"deletions":22}}},{"hash":"1d7bd52e1ed658263c53e6e5601dea6009bdbb33","messageTitle":"[#11572] Notification feature - Database Test (#11651)","messageBody":"Adds test for `NotificationsDb.java`. Also this fixes some issues for the Db class found along the way.","fileTypesAndContributionMap":{"java":{"insertions":288,"deletions":9}}},{"hash":"071a24aebb9fc00aae618012b858caa816658dbe","messageTitle":"[#11572] Notification feature - Rename type to style (#11676)","messageBody":"","fileTypesAndContributionMap":{"java":{"insertions":142,"deletions":120},"html":{"insertions":8,"deletions":11},"ts":{"insertions":105,"deletions":15}}},{"hash":"4c4820fe7a3624c393694212c20180842cb4722d","messageTitle":"[#11572] Notification feature - Admin page update (edit) feature (#11663)","messageBody":"* Modify code to reuse edit form for update purposes\r\n\r\n* Complete edit functionality\r\n\r\n* Fix typo in variable name\r\n\r\nCo-authored-by: Zhao Jingjing \u003c54243224+zhaojj2209@users.noreply.github.com\u003e\r\n\r\n* Fix lint issue after rebase, remove unused css\r\n\r\n* Fix missing @Output and attributes alignment\r\n\r\nCo-authored-by: Zhao Jingjing \u003c54243224+zhaojj2209@users.noreply.github.com\u003e","fileTypesAndContributionMap":{"scss":{"insertions":0,"deletions":4},"html":{"insertions":17,"deletions":24},"ts":{"insertions":130,"deletions":20}}},{"hash":"6f9f4910de9aecaf00d772e1a2f1ddb8d2c4e6d6","messageTitle":"[#11572] Notification feature - Fix edit button and move style demo to the side (#11700)","messageBody":"* Fix issue of not being able to open edit form\r\n\r\n* Remove redundant code\r\n\r\n* Move style demo to the side","fileTypesAndContributionMap":{"html":{"insertions":4,"deletions":1},"ts":{"insertions":16,"deletions":30}}}]}],"tlylt":[],"gok99":[],"FergusMok":[{"date":"2022-02-12","commitResults":[{"hash":"bb36f4ac20e02cc2ad8225858e431a3896a2cd3c","messageTitle":"[#11152] Student update profile: profile image does not display correctly when certain formats are used  (#11550)","messageBody":"* Add validation for student profile picture file types\r\n\r\n* Add more user-friendly notice message\r\n\r\n* Change validProfileFileTypes to readonly\r\n\r\n* Fix linting problems","fileTypesAndContributionMap":{"html":{"insertions":6,"deletions":6},"ts":{"insertions":11,"deletions":2}}}]},{"date":"2022-03-11","commitResults":[{"hash":"2763068a02e18d776000b8d27ac8c8a9792b1cba","messageTitle":"[#10843] Instructor viewing results: incorrect state shown briefly when expanding the non-submitters panel (#11595)","messageBody":"","fileTypesAndContributionMap":{"html":{"insertions":43,"deletions":40},"ts":{"insertions":5,"deletions":1}}}]},{"date":"2022-03-27","commitResults":[{"hash":"5fd040ca1c0d5a59cd4d25a125eea2b39ffd31b1","messageTitle":"[#11086] Enrolling students: show a progress indicator when enrolling a large class (#11600)","messageBody":"","fileTypesAndContributionMap":{"scss":{"insertions":4,"deletions":0},"html":{"insertions":2,"deletions":0},"ts":{"insertions":9,"deletions":1}}}]}],"jovyntls":[]},"authorFileTypeContributionMap":{"chan-j-d":{"java":0,"js":0,"scss":0,"md":0,"py":0,"tag":0,"html":0,"ts":0},"kaixin-hc":{"java":0,"js":0,"scss":0,"md":0,"py":0,"tag":0,"html":0,"ts":0},"zhaojj2209":{"java":424,"js":0,"scss":2,"md":0,"py":0,"tag":0,"html":63,"ts":448},"chunweii":{"java":0,"js":0,"scss":0,"md":0,"py":0,"tag":0,"html":0,"ts":0},"yhtMinceraft1010X":{"java":0,"js":0,"scss":0,"md":0,"py":0,"tag":0,"html":0,"ts":0},"ziqing26":{"java":894,"js":0,"scss":0,"md":0,"py":0,"tag":0,"html":0,"ts":0},"jayasting98":{"java":2823,"js":0,"scss":0,"md":0,"py":0,"tag":0,"html":39,"ts":662},"gycgabriel":{"java":0,"js":0,"scss":0,"md":0,"py":0,"tag":0,"html":0,"ts":0},"Nicolascwy":{"java":1002,"js":0,"scss":0,"md":0,"py":0,"tag":0,"html":19,"ts":169},"samuelfangjw":{"java":6171,"js":0,"scss":25,"md":3,"py":0,"tag":0,"html":875,"ts":1130},"luminousleek":{"java":0,"js":0,"scss":0,"md":0,"py":0,"tag":0,"html":0,"ts":0},"Zhou-Jiahao-1998":{"java":0,"js":0,"scss":0,"md":0,"py":0,"tag":0,"html":0,"ts":0},"ong6":{"java":0,"js":0,"scss":0,"md":0,"py":0,"tag":0,"html":0,"ts":0},"fsgmhoward":{"java":1215,"js":0,"scss":59,"md":2,"py":0,"tag":0,"html":289,"ts":1008},"tlylt":{"java":0,"js":0,"scss":0,"md":0,"py":0,"tag":0,"html":0,"ts":0},"gok99":{"java":0,"js":0,"scss":0,"md":0,"py":0,"tag":0,"html":0,"ts":0},"FergusMok":{"java":0,"js":0,"scss":4,"md":0,"py":0,"tag":0,"html":10,"ts":25},"jovyntls":{"java":0,"js":0,"scss":0,"md":0,"py":0,"tag":0,"html":0,"ts":0}},"authorContributionVariance":{"chan-j-d":0.0,"kaixin-hc":0.0,"zhaojj2209":4043.4028,"chunweii":0.0,"yhtMinceraft1010X":0.0,"ziqing26":9873.81,"jayasting98":73122.67,"gycgabriel":0.0,"Nicolascwy":10559.969,"samuelfangjw":245894.03,"luminousleek":0.0,"Zhou-Jiahao-1998":0.0,"ong6":0.0,"fsgmhoward":67196.62,"tlylt":0.0,"gok99":0.0,"FergusMok":67.21701,"jovyntls":0.0},"authorDisplayNameMap":{"chan-j-d":"REPOSENSE//CHAN..N DA","kaixin-hc":"MARKBIND//HANN.. XIN","zhaojj2209":"TEAMMATES//ZHAO..JING","chunweii":"CATCHER//LEE .. WEI","yhtMinceraft1010X":"REPOSENSE//TAY ..SUEN","ziqing26":"TEAMMATES//ZHAN..QING","jayasting98":"TEAMMATES//JAY ..TING","gycgabriel":"CATCHER//GOH ..RIEL","Nicolascwy":"TEAMMATES//CHAN..OLAS","samuelfangjw":"TEAMMATES//FANG..MUEL","luminousleek":"CATCHER//LEE ..SAAC","Zhou-Jiahao-1998":"REPOSENSE//ZHOU..AHAO","ong6":"MARKBIND//ONG ..IONG","fsgmhoward":"TEAMMATES//LIU ..OHAO","tlylt":"MARKBIND//LIU ..IANG","gok99":"REPOSENSE//GOKU..AJIV","FergusMok":"TEAMMATES//MOK ..RGUS","jovyntls":"MARKBIND//JOVY..HYAN"}}
