{"authorDailyContributionsMap":{"chan-j-d":[],"kaixin-hc":[],"zhaojj2209":[{"date":"2022-01-26","commitResults":[{"hash":"0a513d253ada7ae30d80301fd8aaceb766ee4f58","messageTitle":"[#11295] Distribute points among options question: negative points allowed on frontend (#11521)","messageBody":"* Add error message for negative points  distributed\r\n\r\n* Update snapshots\r\n\r\n* Modify constraint, fix error message\r\n\r\n* Fix lint error\r\n\r\n* Revert removal of return statement","fileTypesAndContributionMap":{"java":{"insertions":1,"deletions":1},"html":{"insertions":6,"deletions":0},"ts":{"insertions":16,"deletions":1}}}]},{"date":"2022-02-04","commitResults":[{"hash":"86e2fbadfd9e7492890821e13f7ca7a23756979e","messageTitle":"[#11539] Feedback response submission: Requests sent to backend despite invalid response (#11541)","messageBody":"* Fix invalid feedback response check\r\n\r\n* Add tests\r\n\r\nCo-authored-by: Ahmed Bahajjaj \u003c42177597+madanalogy@users.noreply.github.com\u003e","fileTypesAndContributionMap":{"ts":{"insertions":86,"deletions":43}}}]},{"date":"2022-03-10","commitResults":[{"hash":"33cfa216b1233d44361c236a51f8c3c90a298b92","messageTitle":"[#11370] Copying question from another session: optimize fetching of available questions (#11566)","messageBody":"","fileTypesAndContributionMap":{"java":{"insertions":18,"deletions":6},"scss":{"insertions":2,"deletions":5},"html":{"insertions":68,"deletions":48},"ts":{"insertions":393,"deletions":59}}}]}],"chunweii":[],"yhtMinceraft1010X":[],"ziqing26":[{"date":"2022-01-21","commitResults":[{"hash":"2a7aa0bf370764bd8d97f224682443aec495b708","messageTitle":"[#11520] Fix infinite loop for login (#11530)","messageBody":"","fileTypesAndContributionMap":{"java":{"insertions":1,"deletions":0}}}]}],"jayasting98":[{"date":"2022-02-15","commitResults":[{"hash":"f347d6657482e8e264b6fb24d57369d9c3b71c08","messageTitle":"[#11548] Add edit functionality for admins adding new instructors (#11549)","messageBody":"","fileTypesAndContributionMap":{"scss":{"insertions":0,"deletions":0},"html":{"insertions":39,"deletions":18},"ts":{"insertions":610,"deletions":34}}}]}],"gycgabriel":[],"Nicolascwy":[{"date":"2022-01-16","commitResults":[{"hash":"9f6c8ed6aebb080847aaf17286ce2e8b39130c31","messageTitle":"[#8607] Student: edit submission: show evaluees in alphabetical order (#11482)","messageBody":"","fileTypesAndContributionMap":{"ts":{"insertions":128,"deletions":0}}}]},{"date":"2022-02-15","commitResults":[{"hash":"0da0e52bd0fdf9020de0702350b8c7298aefa723","messageTitle":"[#11466] Add remind sub-menu to UI (#11510)","messageBody":"* Add remind sub-menu to UI\r\n\r\n* Add logic to reminder button modal\r\n\r\n* Update snapshots tests for reminder sub-menu\r\n\r\n* Fix bug that incorrectly selects modal option\r\n\r\nSelecting \"Select all non-submitters\" checks the modal option \"Select\r\nall instructors not yet submitted\" and \"Select all students not yet\r\nsubmitted\" in modal even when all instructors or students have completed\r\nthe have completed the feedback session.\r\n\r\nChange isAllYetToSubmitInstructorsSelected and\r\nisAllYetToSubmitStudentsSelected functions to check that there exist\r\nentities who have not completed the form before checking option.\r\n\r\n* Style remind button\r\n\r\n* Update snapshot tests\r\n\r\n* Fix lint errors\r\n\r\n* Change button group to use bootstrap flex class\r\n\r\n* Add back loading condition\r\n\r\n* Update send reminder email E2E test\r\n\r\n* Update snapshot tests\r\n\r\n* Fix typo in E2E tests\r\n\r\n* Make E2E helper function name more descriptive\r\n\r\n* Add E2E to InstructorFeedbackSession\r\n\r\n* Remove unused event emitter\r\n\r\nUpdate snapshot tests\r\n\r\n* Add E2E test to InstructorFeedbackSession\r\n\r\nAdd E2E test to test remind all non-submitters button and ensure that sent to student non-submitters.\r\n\r\n* Fix typo in E2E test\r\n\r\n* Removed tests for more than one student\r\n\r\nStudents with the same email are not persisted in the database.\r\nThe tests added therefore did not work but passed.\r\n\r\n* Fix lint error\r\n\r\nCo-authored-by: Ahmed Bahajjaj \u003c42177597+madanalogy@users.noreply.github.com\u003e","fileTypesAndContributionMap":{"java":{"insertions":43,"deletions":7},"scss":{"insertions":0,"deletions":5},"html":{"insertions":64,"deletions":54},"ts":{"insertions":32,"deletions":15}}}]},{"date":"2022-02-23","commitResults":[{"hash":"49bea442067302441e41c5416efe6b8333614666","messageTitle":"[#11578] Make user cookie time sensitive (#11581)","messageBody":"* Add expiration time to cookies\r\n\r\n* Add UserInfo cookie test\r\n\r\n* Remove magic number and change expiry time to long\r\n\r\n* Add validity test\r\n\r\n* Change expiryTime setter to use long parameter","fileTypesAndContributionMap":{"java":{"insertions":50,"deletions":3}}}]}],"samuelfangjw":[{"date":"2022-02-05","commitResults":[{"hash":"30ac04ef07347f29d1ee5b6a89fd779bacc1cde7","messageTitle":"[#11371] Instructor sample data: defer until instructor joins (#11396)","messageBody":"* Defer creation of sample data until after instructor joins\r\n\r\n* Fix deleteAccountRequest\r\n\r\n* Add loading spinner to create-account-page\r\n\r\n* Add check for whether user already has account\r\n\r\n* Update frontend tests\r\n\r\n* Add component tests\r\n\r\n* Add tests for AccountRequestAttributes\r\n\r\n* Add component tests for create account actions\r\n\r\n* Fix frontend lint errors\r\n\r\n* Fix backend lint errors\r\n\r\n* Fix e2e tests\r\n\r\n* Add account requests to data bundle\r\n\r\n* Update account  requests logic test\r\n\r\n* Add e2e Tests\r\n\r\n* Fix page not redirecting to login\r\n\r\n* Fix lint errors\r\n\r\n* Fix linting issues\r\n\r\n* Change id of AccountRequest to use both email and institute\r\n\r\n* Move create account page to user join page\r\n\r\n* Update tests for user-join-page\r\n\r\n* Add delete account request action\r\n\r\n* Delete account request in AdminHomePageE2E test\r\n\r\n* Add GetAccountRequest action\r\n\r\n* Remove unnecessary calls to getAccountRequest\r\n\r\n* Fix failing component tests\r\n\r\n* Use instructorEmail instead of Email const\r\n\r\n* Fix minor bugs and cleanup\r\n\r\n* Remove trailing whitespace\r\n\r\n* Add placeholder skeleton to frontend\r\n\r\n* Update AccountRequest and DTO\r\n\r\n* Move registration url creation to accountRequest dto\r\n\r\n* Update createAccountAction to soft delete\r\n\r\n* Update component tests\r\n\r\n* Add endpoint to get account request status\r\n\r\n* Update user join page\r\n\r\n* Fix indentation\r\n\r\n* Update tests for user-join-page\r\n\r\n* Fix failing component tests\r\n\r\n* Fix typos\r\n\r\n* Fix typo which caused createdAt to be null\r\n\r\n* Fix broken component tests\r\n\r\n* Update exception to use specific exception type\r\n\r\n* Change Instant to Long in AccountRequestData.java\r\n\r\n* Refactor CreateAccountRequestActionTest to use getJoinLink method\r\n\r\n* Fix lint issues\r\n\r\n* Change getAccountRequest to throw exception\r\n\r\n* Remove unnecessary null check\r\n\r\n* Refactor user join page\r\n\r\n* Remove instructor from registration url\r\n\r\n* Remove instructor entity type from tests\r\n\r\n* Update sample data to be more realistic\r\n\r\n* Remove name and registration key update options\r\n\r\n* Fix architecture test violations\r\n\r\n* Seperate craete and update account request\r\n\r\n* Streamline API for join status\r\n\r\n* Minor bug fix\r\n\r\n* Remove account request status constant\r\n\r\n* Refactor get account request methods\r\n\r\n* Simplify condition\r\n\r\n* Fix typo\r\n\r\n* Remove else block\r\n\r\n* Create e2e test for account requests\r\n\r\n* Fix lint issues\r\n\r\n* Fix failing test\r\n\r\n* Remove now unnecessary comment\r\n\r\n* Revert unnecessary change\r\n\r\n* Remove outdated comment\r\n\r\n* Fix minor issues\r\n\r\n* Remove additional word\r\n\r\n* Replace boolean with string\r\n\r\n* Catch error when accountRequestAttributes is null\r\n\r\n* Remove entityType from join link\r\n\r\n* Use invalidKey variable\r\n\r\n* Remove name from update options\r\n\r\n* Handle case where accountRequestAttributes not found with assertions instead\r\n\r\n* Seperate try block in CreateAccountAction.java\r\n\r\n* Handle cases in CreateAccountAction where exceptions should not be thrown\r\n\r\n* Tweak comment language used to be consistent\r\n\r\n* Collapse catch blocks in CreateAccountAction.java\r\n\r\nCo-authored-by: Wilson Kurniawan \u003cwkurniawan.92@gmail.com\u003e","fileTypesAndContributionMap":{"java":{"insertions":1859,"deletions":89},"html":{"insertions":2,"deletions":2},"ts":{"insertions":215,"deletions":28}}}]},{"date":"2022-02-13","commitResults":[{"hash":"6454c30b2fab969e051041f7409f73e03c3b9e91","messageTitle":"[#11553] Make account requests searchable in admin search page (#11560)","messageBody":"","fileTypesAndContributionMap":{"java":{"insertions":801,"deletions":5},"html":{"insertions":56,"deletions":0},"ts":{"insertions":255,"deletions":14}}},{"hash":"39fba773479f3ec63eb369bf43e7c8cc2acbe1da","messageTitle":"[#8787] New instructors: set the time zone of the sample course to match user (#11557)","messageBody":"","fileTypesAndContributionMap":{"java":{"insertions":112,"deletions":11},"ts":{"insertions":26,"deletions":5}}}]},{"date":"2022-02-15","commitResults":[{"hash":"8d64ee94185c697192ddab113068f0e8b4b2f819","messageTitle":"[#9031] Allow adding of comment to MSQ questions (#11546)","messageBody":"* Allow adding of comment to MSQ questions\r\n\r\n* Fix typo in session-submission-page test\r\n\r\n* Fix some comments appearing in wrong column in downloaded csv file\r\n\r\n* Remove impossible test","fileTypesAndContributionMap":{"java":{"insertions":8,"deletions":6},"ts":{"insertions":23,"deletions":5}}},{"hash":"288d0ffb03796e495cf7f76a6d4695131ea7b7e4","messageTitle":"[#11540] Make maintainer logs interface scrollable (#11545)","messageBody":"* Allow maintainer logs output to scroll\r\n\r\n* Enlarge scrollable area\r\n\r\n* Replace css selectors with nested sass selectors","fileTypesAndContributionMap":{"scss":{"insertions":25,"deletions":1},"html":{"insertions":9,"deletions":7}}}]},{"date":"2022-03-11","commitResults":[{"hash":"29118a37396afc55750d06d360c456908e410fc2","messageTitle":"[#11433] Admin: Give a way to remove unregistered instructors and their data (#11582)","messageBody":"* Add delete account request function in account service\r\n\r\n* Add delete button for account request on admin search page\r\n\r\n* Add backend validation to prevent account request of registered instructor from being deleted\r\n\r\n* Add admin search page e2e tests for deletion of account request\r\n\r\n* Remove redundant hasInstructor attribute","fileTypesAndContributionMap":{"java":{"insertions":46,"deletions":9},"html":{"insertions":8,"deletions":2},"ts":{"insertions":105,"deletions":21}}}]},{"date":"2022-03-12","commitResults":[{"hash":"a3c4ba06b3b44df049ae17bb7888e7532af2237a","messageTitle":"[#11633] Remove overwritten text-break class (#11634)","messageBody":"","fileTypesAndContributionMap":{"scss":{"insertions":0,"deletions":9}}}]},{"date":"2022-03-27","commitResults":[{"hash":"63d20da17412d4be047f3c32e50ee25f2b3e681b","messageTitle":"[#11655] Devise a better way to handle duplicate account requests (#11657)","messageBody":"","fileTypesAndContributionMap":{"java":{"insertions":552,"deletions":24},"html":{"insertions":70,"deletions":0},"ts":{"insertions":529,"deletions":30}}}]},{"date":"2022-03-28","commitResults":[{"hash":"46f94399e1294adc5d17e8a5c3ba873ddd196c8a","messageTitle":"[#11674] Fix duplicate time picker option when 23:00 selection (#11677)","messageBody":"","fileTypesAndContributionMap":{"ts":{"insertions":1,"deletions":1}}}]}],"luminousleek":[],"Zhou-Jiahao-1998":[],"ong6":[],"fsgmhoward":[{"date":"2022-02-02","commitResults":[{"hash":"7cf1d3352705dd57e209a74886dd33ce246d3c47","messageTitle":"[#8364] Make rank and constsum style consistent (#11519)","messageBody":"* Make rank and constsum style consistent (#8364)\r\n\r\n- Fix inconsistency in both form style and error messages\r\n- Fix inconsistency of appearence under different screen widths\r\n\r\n* Update testing snapshots\r\n\r\nCo-authored-by: Ahmed Bahajjaj \u003c42177597+madanalogy@users.noreply.github.com\u003e","fileTypesAndContributionMap":{"html":{"insertions":32,"deletions":26}}}]},{"date":"2022-02-15","commitResults":[{"hash":"00d2adf9b916df22f900a2c34d3e2d2acb67e379","messageTitle":"[#11551] Fix incorrect message for student home page (#11563)","messageBody":"","fileTypesAndContributionMap":{"html":{"insertions":5,"deletions":3},"ts":{"insertions":4,"deletions":3}}}]},{"date":"2022-02-17","commitResults":[{"hash":"4ec60a2a9238ff85a3c99ac20967ed127e6e0921","messageTitle":"[#11487] Disable mouse wheel events for number inputs (#11542)","messageBody":"* Disable mouse wheel events for number inputs\r\n\r\n- Prevent mouse wheel scroll from changing students\u0027 number inputs\r\n\r\n* Revert \"Disable mouse wheel events for number inputs\"\r\n\r\nThis reverts commit 9429e87f4a7554e4b318e661e3851bf8b5ecc3e3.\r\n\r\n* Disable wheel for numeric inputs using directive\r\n\r\n- New WheelDisablerDirective and respective module is created\r\n- Updated snapshot for session-submission-page\r\n\r\n* Fix linting errors","fileTypesAndContributionMap":{"html":{"insertions":5,"deletions":3},"ts":{"insertions":34,"deletions":0}}}]},{"date":"2022-03-11","commitResults":[{"hash":"9f2f4c72a5f14699bdc86ce006a6eaee67501852","messageTitle":"[#11588] Fix incorrect loading for student result page (#11604)","messageBody":"","fileTypesAndContributionMap":{"html":{"insertions":1,"deletions":1},"ts":{"insertions":19,"deletions":3}}}]},{"date":"2022-03-14","commitResults":[{"hash":"39ce954f09bb555eb454b69ec3c7782bd4ddc0a5","messageTitle":"[#11547] Remove outdated instructor help information (#11555)","messageBody":"","fileTypesAndContributionMap":{"html":{"insertions":4,"deletions":27},"ts":{"insertions":0,"deletions":6}}}]},{"date":"2022-03-17","commitResults":[{"hash":"3824506e4948639b0fba6771aee3dc909c00ec3a","messageTitle":"[#11570] Move all external service classes to new package (#11577)","messageBody":"* Move all external service classes to new package\r\n\r\n* Update design diagram and documents\r\n\r\n* Update design document and diagram\r\n\r\n* Amend docs based on comments","fileTypesAndContributionMap":{"java":{"insertions":61,"deletions":38},"md":{"insertions":2,"deletions":0}}}]}],"tlylt":[],"gok99":[],"FergusMok":[{"date":"2022-02-12","commitResults":[{"hash":"bb36f4ac20e02cc2ad8225858e431a3896a2cd3c","messageTitle":"[#11152] Student update profile: profile image does not display correctly when certain formats are used  (#11550)","messageBody":"* Add validation for student profile picture file types\r\n\r\n* Add more user-friendly notice message\r\n\r\n* Change validProfileFileTypes to readonly\r\n\r\n* Fix linting problems","fileTypesAndContributionMap":{"html":{"insertions":6,"deletions":6},"ts":{"insertions":11,"deletions":2}}}]},{"date":"2022-03-11","commitResults":[{"hash":"2763068a02e18d776000b8d27ac8c8a9792b1cba","messageTitle":"[#10843] Instructor viewing results: incorrect state shown briefly when expanding the non-submitters panel (#11595)","messageBody":"","fileTypesAndContributionMap":{"html":{"insertions":43,"deletions":40},"ts":{"insertions":5,"deletions":1}}}]},{"date":"2022-03-27","commitResults":[{"hash":"5fd040ca1c0d5a59cd4d25a125eea2b39ffd31b1","messageTitle":"[#11086] Enrolling students: show a progress indicator when enrolling a large class (#11600)","messageBody":"","fileTypesAndContributionMap":{"scss":{"insertions":4,"deletions":0},"html":{"insertions":2,"deletions":0},"ts":{"insertions":9,"deletions":1}}}]}],"jovyntls":[]},"authorFileTypeContributionMap":{"chan-j-d":{"java":0,"js":0,"scss":0,"md":0,"py":0,"tag":0,"html":0,"ts":0},"kaixin-hc":{"java":0,"js":0,"scss":0,"md":0,"py":0,"tag":0,"html":0,"ts":0},"zhaojj2209":{"java":14,"js":0,"scss":2,"md":0,"py":0,"tag":0,"html":52,"ts":433},"chunweii":{"java":0,"js":0,"scss":0,"md":0,"py":0,"tag":0,"html":0,"ts":0},"yhtMinceraft1010X":{"java":0,"js":0,"scss":0,"md":0,"py":0,"tag":0,"html":0,"ts":0},"ziqing26":{"java":1,"js":0,"scss":0,"md":0,"py":0,"tag":0,"html":0,"ts":0},"jayasting98":{"java":0,"js":0,"scss":0,"md":0,"py":0,"tag":0,"html":39,"ts":578},"gycgabriel":{"java":0,"js":0,"scss":0,"md":0,"py":0,"tag":0,"html":0,"ts":0},"Nicolascwy":{"java":93,"js":0,"scss":0,"md":0,"py":0,"tag":0,"html":12,"ts":156},"samuelfangjw":{"java":3327,"js":0,"scss":25,"md":0,"py":0,"tag":0,"html":140,"ts":1074},"luminousleek":{"java":0,"js":0,"scss":0,"md":0,"py":0,"tag":0,"html":0,"ts":0},"Zhou-Jiahao-1998":{"java":0,"js":0,"scss":0,"md":0,"py":0,"tag":0,"html":0,"ts":0},"ong6":{"java":0,"js":0,"scss":0,"md":0,"py":0,"tag":0,"html":0,"ts":0},"fsgmhoward":{"java":61,"js":0,"scss":0,"md":2,"py":0,"tag":0,"html":38,"ts":52},"tlylt":{"java":0,"js":0,"scss":0,"md":0,"py":0,"tag":0,"html":0,"ts":0},"gok99":{"java":0,"js":0,"scss":0,"md":0,"py":0,"tag":0,"html":0,"ts":0},"FergusMok":{"java":0,"js":0,"scss":4,"md":0,"py":0,"tag":0,"html":10,"ts":25},"jovyntls":{"java":0,"js":0,"scss":0,"md":0,"py":0,"tag":0,"html":0,"ts":0}},"authorContributionVariance":{"chan-j-d":0.0,"kaixin-hc":0.0,"zhaojj2209":3146.2866,"chunweii":0.0,"yhtMinceraft1010X":0.0,"ziqing26":0.008402761,"jayasting98":4129.12,"gycgabriel":0.0,"Nicolascwy":561.27313,"samuelfangjw":65724.36,"luminousleek":0.0,"Zhou-Jiahao-1998":0.0,"ong6":0.0,"fsgmhoward":142.78601,"tlylt":0.0,"gok99":0.0,"FergusMok":73.37952,"jovyntls":0.0},"authorDisplayNameMap":{"chan-j-d":"REPOSENSE//CHAN..N DA","kaixin-hc":"MARKBIND//HANN.. XIN","zhaojj2209":"TEAMMATES//ZHAO..JING","chunweii":"CATCHER//LEE .. WEI","yhtMinceraft1010X":"REPOSENSE//TAY ..SUEN","ziqing26":"TEAMMATES//ZHAN..QING","jayasting98":"TEAMMATES//JAY ..TING","gycgabriel":"CATCHER//GOH ..RIEL","Nicolascwy":"TEAMMATES//CHAN..OLAS","samuelfangjw":"TEAMMATES//FANG..MUEL","luminousleek":"CATCHER//LEE ..SAAC","Zhou-Jiahao-1998":"REPOSENSE//ZHOU..AHAO","ong6":"MARKBIND//ONG ..IONG","fsgmhoward":"TEAMMATES//LIU ..OHAO","tlylt":"MARKBIND//LIU ..IANG","gok99":"REPOSENSE//GOKU..AJIV","FergusMok":"TEAMMATES//MOK ..RGUS","jovyntls":"MARKBIND//JOVY..HYAN"}}
